2026-03-16T11:34:18.575Z  INFO 1 --- [bff] [SpringApplicationShutdownHook] o.s.b.w.e.tomcat.GracefulShutdown        : Commencing graceful shutdown. Waiting for active requests to complete
2026-03-16T11:34:18.785Z  INFO 1 --- [bff] [tomcat-shutdown] o.s.b.w.e.tomcat.GracefulShutdown        : Graceful shutdown complete
2026-03-16T11:34:22.087Z  INFO 1 --- [bff] [main] br.com.sebratel.bff.BffApplication       : Starting BffApplication v1.0.0-SNAPSHOT using Java 21.0.10 with PID 1 (/app/app.jar started by root in /app)
2026-03-16T11:34:22.089Z  INFO 1 --- [bff] [main] br.com.sebratel.bff.BffApplication       : No active profile set, falling back to 1 default profile: "default"
2026-03-16T11:34:23.027Z  INFO 1 --- [bff] [main] .s.d.r.c.RepositoryConfigurationDelegate : Multiple Spring Data modules found, entering strict repository configuration mode
2026-03-16T11:34:23.028Z  INFO 1 --- [bff] [main] .s.d.r.c.RepositoryConfigurationDelegate : Bootstrapping Spring Data JPA repositories in DEFAULT mode.
2026-03-16T11:34:23.138Z  INFO 1 --- [bff] [main] .s.d.r.c.RepositoryConfigurationDelegate : Finished Spring Data repository scanning in 102 ms. Found 15 JPA repository interfaces.
2026-03-16T11:34:23.139Z  INFO 1 --- [bff] [main] .s.d.r.c.RepositoryConfigurationDelegate : Multiple Spring Data modules found, entering strict repository configuration mode
2026-03-16T11:34:23.140Z  INFO 1 --- [bff] [main] .s.d.r.c.RepositoryConfigurationDelegate : Bootstrapping Spring Data JPA repositories in DEFAULT mode.
2026-03-16T11:34:23.152Z  INFO 1 --- [bff] [main] .s.d.r.c.RepositoryConfigurationDelegate : Finished Spring Data repository scanning in 8 ms. Found 5 JPA repository interfaces.
2026-03-16T11:34:23.153Z  INFO 1 --- [bff] [main] .s.d.r.c.RepositoryConfigurationDelegate : Multiple Spring Data modules found, entering strict repository configuration mode
2026-03-16T11:34:23.153Z  INFO 1 --- [bff] [main] .s.d.r.c.RepositoryConfigurationDelegate : Bootstrapping Spring Data JPA repositories in DEFAULT mode.
2026-03-16T11:34:23.160Z  INFO 1 --- [bff] [main] .s.d.r.c.RepositoryConfigurationDelegate : Finished Spring Data repository scanning in 5 ms. Found 1 JPA repository interface.
2026-03-16T11:34:23.435Z  INFO 1 --- [bff] [main] .s.d.r.c.RepositoryConfigurationDelegate : Multiple Spring Data modules found, entering strict repository configuration mode
2026-03-16T11:34:23.436Z  INFO 1 --- [bff] [main] .s.d.r.c.RepositoryConfigurationDelegate : Bootstrapping Spring Data Redis repositories in DEFAULT mode.
2026-03-16T11:34:23.456Z  INFO 1 --- [bff] [main] .RepositoryConfigurationExtensionSupport : Spring Data Redis - Could not safely identify store assignment for repository candidate interface br.com.sebratel.bff.repository.afetados.impl.UsuarioAfetadoJPARepository; If you want this repository to be a Redis repository, consider annotating your entities with one of these annotations: org.springframework.data.redis.core.RedisHash (preferred), or consider extending one of the following types with your repository: org.springframework.data.keyvalue.repository.KeyValueRepository
2026-03-16T11:34:23.457Z  INFO 1 --- [bff] [main] .RepositoryConfigurationExtensionSupport : Spring Data Redis - Could not safely identify store assignment for repository candidate interface br.com.sebratel.bff.repository.erp.AquisicaoRepository; If you want this repository to be a Redis repository, consider annotating your entities with one of these annotations: org.springframework.data.redis.core.RedisHash (preferred), or consider extending one of the following types with your repository: org.springframework.data.keyvalue.repository.KeyValueRepository
2026-03-16T11:34:23.457Z  INFO 1 --- [bff] [main] .RepositoryConfigurationExtensionSupport : Spring Data Redis - Could not safely identify store assignment for repository candidate interface br.com.sebratel.bff.repository.erp.ContractActivationRepository; If you want this repository to be a Redis repository, consider annotating your entities with one of these annotations: org.springframework.data.redis.core.RedisHash (preferred), or consider extending one of the following types with your repository: org.springframework.data.keyvalue.repository.KeyValueRepository
2026-03-16T11:34:23.458Z  INFO 1 --- [bff] [main] .RepositoryConfigurationExtensionSupport : Spring Data Redis - Could not safely identify store assignment for repository candidate interface br.com.sebratel.bff.repository.erp.ContractPaymentRepository; If you want this repository to be a Redis repository, consider annotating your entities with one of these annotations: org.springframework.data.redis.core.RedisHash (preferred), or consider extending one of the following types with your repository: org.springframework.data.keyvalue.repository.KeyValueRepository
2026-03-16T11:34:23.458Z  INFO 1 --- [bff] [main] .RepositoryConfigurationExtensionSupport : Spring Data Redis - Could not safely identify store assignment for repository candidate interface br.com.sebratel.bff.repository.erp.ContratoAtivacaoFaturaRepository; If you want this repository to be a Redis repository, consider annotating your entities with one of these annotations: org.springframework.data.redis.core.RedisHash (preferred), or consider extending one of the following types with your repository: org.springframework.data.keyvalue.repository.KeyValueRepository
2026-03-16T11:34:23.458Z  INFO 1 --- [bff] [main] .RepositoryConfigurationExtensionSupport : Spring Data Redis - Could not safely identify store assignment for repository candidate interface br.com.sebratel.bff.repository.erp.ContratoBloqueadoRepository; If you want this repository to be a Redis repository, consider annotating your entities with one of these annotations: org.springframework.data.redis.core.RedisHash (preferred), or consider extending one of the following types with your repository: org.springframework.data.keyvalue.repository.KeyValueRepository
2026-03-16T11:34:23.458Z  INFO 1 --- [bff] [main] .RepositoryConfigurationExtensionSupport : Spring Data Redis - Could not safely identify store assignment for repository candidate interface br.com.sebratel.bff.repository.erp.ContratoSemFaturaRepository; If you want this repository to be a Redis repository, consider annotating your entities with one of these annotations: org.springframework.data.redis.core.RedisHash (preferred), or consider extending one of the following types with your repository: org.springframework.data.keyvalue.repository.KeyValueRepository
2026-03-16T11:34:23.459Z  INFO 1 --- [bff] [main] .RepositoryConfigurationExtensionSupport : Spring Data Redis - Could not safely identify store assignment for repository candidate interface br.com.sebratel.bff.repository.erp.EstoqueRepository; If you want this repository to be a Redis repository, consider annotating your entities with one of these annotations: org.springframework.data.redis.core.RedisHash (preferred), or consider extending one of the following types with your repository: org.springframework.data.keyvalue.repository.KeyValueRepository
2026-03-16T11:34:23.459Z  INFO 1 --- [bff] [main] .RepositoryConfigurationExtensionSupport : Spring Data Redis - Could not safely identify store assignment for repository candidate interface br.com.sebratel.bff.repository.erp.MovimentacaoEstoqueRepository; If you want this repository to be a Redis repository, consider annotating your entities with one of these annotations: org.springframework.data.redis.core.RedisHash (preferred), or consider extending one of the following types with your repository: org.springframework.data.keyvalue.repository.KeyValueRepository
2026-03-16T11:34:23.459Z  INFO 1 --- [bff] [main] .RepositoryConfigurationExtensionSupport : Spring Data Redis - Could not safely identify store assignment for repository candidate interface br.com.sebratel.bff.repository.erp.PatrimonioPendenteRepository; If you want this repository to be a Redis repository, consider annotating your entities with one of these annotations: org.springframework.data.redis.core.RedisHash (preferred), or consider extending one of the following types with your repository: org.springframework.data.keyvalue.repository.KeyValueRepository
2026-03-16T11:34:23.459Z  INFO 1 --- [bff] [main] .RepositoryConfigurationExtensionSupport : Spring Data Redis - Could not safely identify store assignment for repository candidate interface br.com.sebratel.bff.repository.erp.PlanoRepository; If you want this repository to be a Redis repository, consider annotating your entities with one of these annotations: org.springframework.data.redis.core.RedisHash (preferred), or consider extending one of the following types with your repository: org.springframework.data.keyvalue.repository.KeyValueRepository
2026-03-16T11:34:23.459Z  INFO 1 --- [bff] [main] .RepositoryConfigurationExtensionSupport : Spring Data Redis - Could not safely identify store assignment for repository candidate interface br.com.sebratel.bff.repository.erp.RecuperarTodasAsMassivasPeloBancoRepository; If you want this repository to be a Redis repository, consider annotating your entities with one of these annotations: org.springframework.data.redis.core.RedisHash (preferred), or consider extending one of the following types with your repository: org.springframework.data.keyvalue.repository.KeyValueRepository
2026-03-16T11:34:23.459Z  INFO 1 --- [bff] [main] .RepositoryConfigurationExtensionSupport : Spring Data Redis - Could not safely identify store assignment for repository candidate interface br.com.sebratel.bff.repository.erp.RelatorioClienteNomeDuplicadoRepository; If you want this repository to be a Redis repository, consider annotating your entities with one of these annotations: org.springframework.data.redis.core.RedisHash (preferred), or consider extending one of the following types with your repository: org.springframework.data.keyvalue.repository.KeyValueRepository
2026-03-16T11:34:23.460Z  INFO 1 --- [bff] [main] .RepositoryConfigurationExtensionSupport : Spring Data Redis - Could not safely identify store assignment for repository candidate interface br.com.sebratel.bff.repository.erp.VendedoresAtivosRepository; If you want this repository to be a Redis repository, consider annotating your entities with one of these annotations: org.springframework.data.redis.core.RedisHash (preferred), or consider extending one of the following types with your repository: org.springframework.data.keyvalue.repository.KeyValueRepository
2026-03-16T11:34:23.460Z  INFO 1 --- [bff] [main] .RepositoryConfigurationExtensionSupport : Spring Data Redis - Could not safely identify store assignment for repository candidate interface br.com.sebratel.bff.repository.erp.comercial.ContratoPersonalizadoRepository; If you want this repository to be a Redis repository, consider annotating your entities with one of these annotations: org.springframework.data.redis.core.RedisHash (preferred), or consider extending one of the following types with your repository: org.springframework.data.keyvalue.repository.KeyValueRepository
2026-03-16T11:34:23.461Z  INFO 1 --- [bff] [main] .RepositoryConfigurationExtensionSupport : Spring Data Redis - Could not safely identify store assignment for repository candidate interface br.com.sebratel.bff.repository.erp.comercial.RelatorioPlanilhaRepository; If you want this repository to be a Redis repository, consider annotating your entities with one of these annotations: org.springframework.data.redis.core.RedisHash (preferred), or consider extending one of the following types with your repository: org.springframework.data.keyvalue.repository.KeyValueRepository
2026-03-16T11:34:23.461Z  INFO 1 --- [bff] [main] .RepositoryConfigurationExtensionSupport : Spring Data Redis - Could not safely identify store assignment for repository candidate interface br.com.sebratel.bff.repository.radius.ConsumoRepository; If you want this repository to be a Redis repository, consider annotating your entities with one of these annotations: org.springframework.data.redis.core.RedisHash (preferred), or consider extending one of the following types with your repository: org.springframework.data.keyvalue.repository.KeyValueRepository
2026-03-16T11:34:23.462Z  INFO 1 --- [bff] [main] .RepositoryConfigurationExtensionSupport : Spring Data Redis - Could not safely identify store assignment for repository candidate interface br.com.sebratel.bff.repository.radius.DuplicateCallingStationRepository; If you want this repository to be a Redis repository, consider annotating your entities with one of these annotations: org.springframework.data.redis.core.RedisHash (preferred), or consider extending one of the following types with your repository: org.springframework.data.keyvalue.repository.KeyValueRepository
2026-03-16T11:34:23.462Z  INFO 1 --- [bff] [main] .RepositoryConfigurationExtensionSupport : Spring Data Redis - Could not safely identify store assignment for repository candidate interface br.com.sebratel.bff.repository.radius.DuplicatePrefixRepository; If you want this repository to be a Redis repository, consider annotating your entities with one of these annotations: org.springframework.data.redis.core.RedisHash (preferred), or consider extending one of the following types with your repository: org.springframework.data.keyvalue.repository.KeyValueRepository
2026-03-16T11:34:23.462Z  INFO 1 --- [bff] [main] .RepositoryConfigurationExtensionSupport : Spring Data Redis - Could not safely identify store assignment for repository candidate interface br.com.sebratel.bff.repository.radius.FirstAuthenticationRepository; If you want this repository to be a Redis repository, consider annotating your entities with one of these annotations: org.springframework.data.redis.core.RedisHash (preferred), or consider extending one of the following types with your repository: org.springframework.data.keyvalue.repository.KeyValueRepository
2026-03-16T11:34:23.462Z  INFO 1 --- [bff] [main] .RepositoryConfigurationExtensionSupport : Spring Data Redis - Could not safely identify store assignment for repository candidate interface br.com.sebratel.bff.repository.radius.UltimaConexaoRepository; If you want this repository to be a Redis repository, consider annotating your entities with one of these annotations: org.springframework.data.redis.core.RedisHash (preferred), or consider extending one of the following types with your repository: org.springframework.data.keyvalue.repository.KeyValueRepository
2026-03-16T11:34:23.462Z  INFO 1 --- [bff] [main] .s.d.r.c.RepositoryConfigurationDelegate : Finished Spring Data repository scanning in 18 ms. Found 0 Redis repository interfaces.
2026-03-16T11:34:24.077Z  INFO 1 --- [bff] [main] o.s.b.w.embedded.tomcat.TomcatWebServer  : Tomcat initialized with port 8085 (http)
2026-03-16T11:34:24.091Z  INFO 1 --- [bff] [main] o.apache.catalina.core.StandardService   : Starting service [Tomcat]
2026-03-16T11:34:24.092Z  INFO 1 --- [bff] [main] o.apache.catalina.core.StandardEngine    : Starting Servlet engine: [Apache Tomcat/10.1.36]
2026-03-16T11:34:24.120Z  INFO 1 --- [bff] [main] o.a.c.c.C.[Tomcat].[localhost].[/]       : Initializing Spring embedded WebApplicationContext
2026-03-16T11:34:24.121Z  INFO 1 --- [bff] [main] w.s.c.ServletWebServerApplicationContext : Root WebApplicationContext: initialization completed in 1960 ms
2026-03-16T11:34:24.456Z  INFO 1 --- [bff] [main] com.zaxxer.hikari.HikariDataSource       : HikariPool-1 - Starting...
2026-03-16T11:34:24.792Z  INFO 1 --- [bff] [main] com.zaxxer.hikari.pool.HikariPool        : HikariPool-1 - Added connection org.postgresql.jdbc.PgConnection@5f68eec6
2026-03-16T11:34:24.794Z  INFO 1 --- [bff] [main] com.zaxxer.hikari.HikariDataSource       : HikariPool-1 - Start completed.
2026-03-16T11:34:24.923Z  INFO 1 --- [bff] [main] o.hibernate.jpa.internal.util.LogHelper  : HHH000204: Processing PersistenceUnitInfo [name: erp]
2026-03-16T11:34:24.983Z  INFO 1 --- [bff] [main] org.hibernate.Version                    : HHH000412: Hibernate ORM core version 6.6.8.Final
2026-03-16T11:34:25.005Z  INFO 1 --- [bff] [main] o.h.c.internal.RegionFactoryInitiator    : HHH000026: Second-level cache disabled
2026-03-16T11:34:25.273Z  INFO 1 --- [bff] [main] o.s.o.j.p.SpringPersistenceUnitInfo      : No LoadTimeWeaver setup: ignoring JPA class transformer
2026-03-16T11:34:25.323Z  WARN 1 --- [bff] [main] org.hibernate.orm.deprecation            : HHH90000025: PostgreSQLDialect does not need to be specified explicitly using 'hibernate.dialect' (remove the property setting and it will be selected by default)
2026-03-16T11:34:25.340Z  INFO 1 --- [bff] [main] org.hibernate.orm.connections.pooling    : HHH10001005: Database info:
	Database JDBC URL [Connecting through datasource 'HikariDataSource (HikariPool-1)']
	Database driver: undefined/unknown
	Database version: 13.3
	Autocommit mode: undefined/unknown
	Isolation level: undefined/unknown
	Minimum pool size: undefined/unknown
	Maximum pool size: undefined/unknown
2026-03-16T11:34:25.900Z  INFO 1 --- [bff] [main] o.h.e.t.j.p.i.JtaPlatformInitiator       : HHH000489: No JTA platform available (set 'hibernate.transaction.jta.platform' to enable JTA platform integration)
2026-03-16T11:34:25.902Z  INFO 1 --- [bff] [main] j.LocalContainerEntityManagerFactoryBean : Initialized JPA EntityManagerFactory for persistence unit 'erp'
2026-03-16T11:34:25.921Z  INFO 1 --- [bff] [main] o.hibernate.jpa.internal.util.LogHelper  : HHH000204: Processing PersistenceUnitInfo [name: radius]
2026-03-16T11:34:25.923Z  INFO 1 --- [bff] [main] o.h.c.internal.RegionFactoryInitiator    : HHH000026: Second-level cache disabled
2026-03-16T11:34:25.934Z  INFO 1 --- [bff] [main] o.s.o.j.p.SpringPersistenceUnitInfo      : No LoadTimeWeaver setup: ignoring JPA class transformer
2026-03-16T11:34:25.936Z  INFO 1 --- [bff] [main] com.zaxxer.hikari.HikariDataSource       : HikariPool-2 - Starting...
2026-03-16T11:34:25.985Z  INFO 1 --- [bff] [main] com.zaxxer.hikari.pool.HikariPool        : HikariPool-2 - Added connection org.postgresql.jdbc.PgConnection@4b9a1be5
2026-03-16T11:34:25.986Z  INFO 1 --- [bff] [main] com.zaxxer.hikari.HikariDataSource       : HikariPool-2 - Start completed.
2026-03-16T11:34:26.001Z  WARN 1 --- [bff] [main] org.hibernate.orm.deprecation            : HHH90000025: PostgreSQLDialect does not need to be specified explicitly using 'hibernate.dialect' (remove the property setting and it will be selected by default)
2026-03-16T11:34:26.009Z  INFO 1 --- [bff] [main] org.hibernate.orm.connections.pooling    : HHH10001005: Database info:
	Database JDBC URL [Connecting through datasource 'HikariDataSource (HikariPool-2)']
	Database driver: undefined/unknown
	Database version: 12.12
	Autocommit mode: undefined/unknown
	Isolation level: undefined/unknown
	Minimum pool size: undefined/unknown
	Maximum pool size: undefined/unknown
2026-03-16T11:34:26.067Z  INFO 1 --- [bff] [main] o.h.e.t.j.p.i.JtaPlatformInitiator       : HHH000489: No JTA platform available (set 'hibernate.transaction.jta.platform' to enable JTA platform integration)
2026-03-16T11:34:26.067Z  INFO 1 --- [bff] [main] j.LocalContainerEntityManagerFactoryBean : Initialized JPA EntityManagerFactory for persistence unit 'radius'
2026-03-16T11:34:26.074Z  INFO 1 --- [bff] [main] o.hibernate.jpa.internal.util.LogHelper  : HHH000204: Processing PersistenceUnitInfo [name: afetados]
2026-03-16T11:34:26.077Z  INFO 1 --- [bff] [main] o.h.c.internal.RegionFactoryInitiator    : HHH000026: Second-level cache disabled
2026-03-16T11:34:26.086Z  INFO 1 --- [bff] [main] o.s.o.j.p.SpringPersistenceUnitInfo      : No LoadTimeWeaver setup: ignoring JPA class transformer
2026-03-16T11:34:26.088Z  INFO 1 --- [bff] [main] com.zaxxer.hikari.HikariDataSource       : HikariPool-3 - Starting...
2026-03-16T11:34:26.171Z  INFO 1 --- [bff] [main] com.zaxxer.hikari.pool.HikariPool        : HikariPool-3 - Added connection org.mariadb.jdbc.Connection@175377d3
2026-03-16T11:34:26.171Z  INFO 1 --- [bff] [main] com.zaxxer.hikari.HikariDataSource       : HikariPool-3 - Start completed.
2026-03-16T11:34:26.185Z  WARN 1 --- [bff] [main] org.hibernate.orm.deprecation            : HHH90000025: MariaDBDialect does not need to be specified explicitly using 'hibernate.dialect' (remove the property setting and it will be selected by default)
2026-03-16T11:34:26.190Z  INFO 1 --- [bff] [main] org.hibernate.orm.connections.pooling    : HHH10001005: Database info:
	Database JDBC URL [Connecting through datasource 'HikariDataSource (HikariPool-3)']
	Database driver: undefined/unknown
	Database version: 10.11.10
	Autocommit mode: undefined/unknown
	Isolation level: undefined/unknown
	Minimum pool size: undefined/unknown
	Maximum pool size: undefined/unknown
2026-03-16T11:34:26.235Z  INFO 1 --- [bff] [main] o.h.e.t.j.p.i.JtaPlatformInitiator       : HHH000489: No JTA platform available (set 'hibernate.transaction.jta.platform' to enable JTA platform integration)
2026-03-16T11:34:26.235Z  INFO 1 --- [bff] [main] j.LocalContainerEntityManagerFactoryBean : Initialized JPA EntityManagerFactory for persistence unit 'afetados'
2026-03-16T11:34:26.441Z  INFO 1 --- [bff] [main] o.s.d.j.r.query.QueryEnhancerFactory     : Hibernate is in classpath; If applicable, HQL parser will be used.
2026-03-16T11:34:27.084Z  WARN 1 --- [bff] [main] JpaBaseConfiguration$JpaWebConfiguration : spring.jpa.open-in-view is enabled by default. Therefore, database queries may be performed during view rendering. Explicitly configure spring.jpa.open-in-view to disable this warning
2026-03-16T11:34:27.109Z  INFO 1 --- [bff] [main] r$InitializeUserDetailsManagerConfigurer : Global AuthenticationManager configured with UserDetailsService bean with name inMemoryUserDetailsManager
2026-03-16T11:34:27.738Z  INFO 1 --- [bff] [main] o.s.b.w.embedded.tomcat.TomcatWebServer  : Tomcat started on port 8085 (http) with context path '/'
2026-03-16T11:34:27.748Z  INFO 1 --- [bff] [main] br.com.sebratel.bff.BffApplication       : Started BffApplication in 6.394 seconds (process running for 7.556)
2026-03-16T12:05:15.913Z  INFO 1 --- [bff] [main] br.com.sebratel.bff.BffApplication       : Starting BffApplication v1.0.0-SNAPSHOT using Java 21.0.10 with PID 1 (/app/app.jar started by root in /app)
2026-03-16T12:05:15.916Z  INFO 1 --- [bff] [main] br.com.sebratel.bff.BffApplication       : No active profile set, falling back to 1 default profile: "default"
2026-03-16T12:05:16.535Z  INFO 1 --- [bff] [main] .s.d.r.c.RepositoryConfigurationDelegate : Multiple Spring Data modules found, entering strict repository configuration mode
2026-03-16T12:05:16.536Z  INFO 1 --- [bff] [main] .s.d.r.c.RepositoryConfigurationDelegate : Bootstrapping Spring Data JPA repositories in DEFAULT mode.
2026-03-16T12:05:16.670Z  INFO 1 --- [bff] [main] .s.d.r.c.RepositoryConfigurationDelegate : Finished Spring Data repository scanning in 128 ms. Found 15 JPA repository interfaces.
2026-03-16T12:05:16.671Z  INFO 1 --- [bff] [main] .s.d.r.c.RepositoryConfigurationDelegate : Multiple Spring Data modules found, entering strict repository configuration mode
2026-03-16T12:05:16.672Z  INFO 1 --- [bff] [main] .s.d.r.c.RepositoryConfigurationDelegate : Bootstrapping Spring Data JPA repositories in DEFAULT mode.
2026-03-16T12:05:16.682Z  INFO 1 --- [bff] [main] .s.d.r.c.RepositoryConfigurationDelegate : Finished Spring Data repository scanning in 9 ms. Found 5 JPA repository interfaces.
2026-03-16T12:05:16.686Z  INFO 1 --- [bff] [main] .s.d.r.c.RepositoryConfigurationDelegate : Multiple Spring Data modules found, entering strict repository configuration mode
2026-03-16T12:05:16.686Z  INFO 1 --- [bff] [main] .s.d.r.c.RepositoryConfigurationDelegate : Bootstrapping Spring Data JPA repositories in DEFAULT mode.
2026-03-16T12:05:16.693Z  INFO 1 --- [bff] [main] .s.d.r.c.RepositoryConfigurationDelegate : Finished Spring Data repository scanning in 5 ms. Found 1 JPA repository interface.
2026-03-16T12:05:17.040Z  INFO 1 --- [bff] [main] .s.d.r.c.RepositoryConfigurationDelegate : Multiple Spring Data modules found, entering strict repository configuration mode
2026-03-16T12:05:17.041Z  INFO 1 --- [bff] [main] .s.d.r.c.RepositoryConfigurationDelegate : Bootstrapping Spring Data Redis repositories in DEFAULT mode.
2026-03-16T12:05:17.070Z  INFO 1 --- [bff] [main] .RepositoryConfigurationExtensionSupport : Spring Data Redis - Could not safely identify store assignment for repository candidate interface br.com.sebratel.bff.repository.afetados.impl.UsuarioAfetadoJPARepository; If you want this repository to be a Redis repository, consider annotating your entities with one of these annotations: org.springframework.data.redis.core.RedisHash (preferred), or consider extending one of the following types with your repository: org.springframework.data.keyvalue.repository.KeyValueRepository
2026-03-16T12:05:17.071Z  INFO 1 --- [bff] [main] .RepositoryConfigurationExtensionSupport : Spring Data Redis - Could not safely identify store assignment for repository candidate interface br.com.sebratel.bff.repository.erp.AquisicaoRepository; If you want this repository to be a Redis repository, consider annotating your entities with one of these annotations: org.springframework.data.redis.core.RedisHash (preferred), or consider extending one of the following types with your repository: org.springframework.data.keyvalue.repository.KeyValueRepository
2026-03-16T12:05:17.072Z  INFO 1 --- [bff] [main] .RepositoryConfigurationExtensionSupport : Spring Data Redis - Could not safely identify store assignment for repository candidate interface br.com.sebratel.bff.repository.erp.ContractActivationRepository; If you want this repository to be a Redis repository, consider annotating your entities with one of these annotations: org.springframework.data.redis.core.RedisHash (preferred), or consider extending one of the following types with your repository: org.springframework.data.keyvalue.repository.KeyValueRepository
2026-03-16T12:05:17.073Z  INFO 1 --- [bff] [main] .RepositoryConfigurationExtensionSupport : Spring Data Redis - Could not safely identify store assignment for repository candidate interface br.com.sebratel.bff.repository.erp.ContractPaymentRepository; If you want this repository to be a Redis repository, consider annotating your entities with one of these annotations: org.springframework.data.redis.core.RedisHash (preferred), or consider extending one of the following types with your repository: org.springframework.data.keyvalue.repository.KeyValueRepository
2026-03-16T12:05:17.074Z  INFO 1 --- [bff] [main] .RepositoryConfigurationExtensionSupport : Spring Data Redis - Could not safely identify store assignment for repository candidate interface br.com.sebratel.bff.repository.erp.ContratoAtivacaoFaturaRepository; If you want this repository to be a Redis repository, consider annotating your entities with one of these annotations: org.springframework.data.redis.core.RedisHash (preferred), or consider extending one of the following types with your repository: org.springframework.data.keyvalue.repository.KeyValueRepository
2026-03-16T12:05:17.074Z  INFO 1 --- [bff] [main] .RepositoryConfigurationExtensionSupport : Spring Data Redis - Could not safely identify store assignment for repository candidate interface br.com.sebratel.bff.repository.erp.ContratoBloqueadoRepository; If you want this repository to be a Redis repository, consider annotating your entities with one of these annotations: org.springframework.data.redis.core.RedisHash (preferred), or consider extending one of the following types with your repository: org.springframework.data.keyvalue.repository.KeyValueRepository
2026-03-16T12:05:17.074Z  INFO 1 --- [bff] [main] .RepositoryConfigurationExtensionSupport : Spring Data Redis - Could not safely identify store assignment for repository candidate interface br.com.sebratel.bff.repository.erp.ContratoSemFaturaRepository; If you want this repository to be a Redis repository, consider annotating your entities with one of these annotations: org.springframework.data.redis.core.RedisHash (preferred), or consider extending one of the following types with your repository: org.springframework.data.keyvalue.repository.KeyValueRepository
2026-03-16T12:05:17.075Z  INFO 1 --- [bff] [main] .RepositoryConfigurationExtensionSupport : Spring Data Redis - Could not safely identify store assignment for repository candidate interface br.com.sebratel.bff.repository.erp.EstoqueRepository; If you want this repository to be a Redis repository, consider annotating your entities with one of these annotations: org.springframework.data.redis.core.RedisHash (preferred), or consider extending one of the following types with your repository: org.springframework.data.keyvalue.repository.KeyValueRepository
2026-03-16T12:05:17.075Z  INFO 1 --- [bff] [main] .RepositoryConfigurationExtensionSupport : Spring Data Redis - Could not safely identify store assignment for repository candidate interface br.com.sebratel.bff.repository.erp.MovimentacaoEstoqueRepository; If you want this repository to be a Redis repository, consider annotating your entities with one of these annotations: org.springframework.data.redis.core.RedisHash (preferred), or consider extending one of the following types with your repository: org.springframework.data.keyvalue.repository.KeyValueRepository
2026-03-16T12:05:17.075Z  INFO 1 --- [bff] [main] .RepositoryConfigurationExtensionSupport : Spring Data Redis - Could not safely identify store assignment for repository candidate interface br.com.sebratel.bff.repository.erp.PatrimonioPendenteRepository; If you want this repository to be a Redis repository, consider annotating your entities with one of these annotations: org.springframework.data.redis.core.RedisHash (preferred), or consider extending one of the following types with your repository: org.springframework.data.keyvalue.repository.KeyValueRepository
2026-03-16T12:05:17.075Z  INFO 1 --- [bff] [main] .RepositoryConfigurationExtensionSupport : Spring Data Redis - Could not safely identify store assignment for repository candidate interface br.com.sebratel.bff.repository.erp.PlanoRepository; If you want this repository to be a Redis repository, consider annotating your entities with one of these annotations: org.springframework.data.redis.core.RedisHash (preferred), or consider extending one of the following types with your repository: org.springframework.data.keyvalue.repository.KeyValueRepository
2026-03-16T12:05:17.076Z  INFO 1 --- [bff] [main] .RepositoryConfigurationExtensionSupport : Spring Data Redis - Could not safely identify store assignment for repository candidate interface br.com.sebratel.bff.repository.erp.RecuperarTodasAsMassivasPeloBancoRepository; If you want this repository to be a Redis repository, consider annotating your entities with one of these annotations: org.springframework.data.redis.core.RedisHash (preferred), or consider extending one of the following types with your repository: org.springframework.data.keyvalue.repository.KeyValueRepository
2026-03-16T12:05:17.077Z  INFO 1 --- [bff] [main] .RepositoryConfigurationExtensionSupport : Spring Data Redis - Could not safely identify store assignment for repository candidate interface br.com.sebratel.bff.repository.erp.RelatorioClienteNomeDuplicadoRepository; If you want this repository to be a Redis repository, consider annotating your entities with one of these annotations: org.springframework.data.redis.core.RedisHash (preferred), or consider extending one of the following types with your repository: org.springframework.data.keyvalue.repository.KeyValueRepository
2026-03-16T12:05:17.079Z  INFO 1 --- [bff] [main] .RepositoryConfigurationExtensionSupport : Spring Data Redis - Could not safely identify store assignment for repository candidate interface br.com.sebratel.bff.repository.erp.VendedoresAtivosRepository; If you want this repository to be a Redis repository, consider annotating your entities with one of these annotations: org.springframework.data.redis.core.RedisHash (preferred), or consider extending one of the following types with your repository: org.springframework.data.keyvalue.repository.KeyValueRepository
2026-03-16T12:05:17.080Z  INFO 1 --- [bff] [main] .RepositoryConfigurationExtensionSupport : Spring Data Redis - Could not safely identify store assignment for repository candidate interface br.com.sebratel.bff.repository.erp.comercial.ContratoPersonalizadoRepository; If you want this repository to be a Redis repository, consider annotating your entities with one of these annotations: org.springframework.data.redis.core.RedisHash (preferred), or consider extending one of the following types with your repository: org.springframework.data.keyvalue.repository.KeyValueRepository
2026-03-16T12:05:17.081Z  INFO 1 --- [bff] [main] .RepositoryConfigurationExtensionSupport : Spring Data Redis - Could not safely identify store assignment for repository candidate interface br.com.sebratel.bff.repository.erp.comercial.RelatorioPlanilhaRepository; If you want this repository to be a Redis repository, consider annotating your entities with one of these annotations: org.springframework.data.redis.core.RedisHash (preferred), or consider extending one of the following types with your repository: org.springframework.data.keyvalue.repository.KeyValueRepository
2026-03-16T12:05:17.082Z  INFO 1 --- [bff] [main] .RepositoryConfigurationExtensionSupport : Spring Data Redis - Could not safely identify store assignment for repository candidate interface br.com.sebratel.bff.repository.radius.ConsumoRepository; If you want this repository to be a Redis repository, consider annotating your entities with one of these annotations: org.springframework.data.redis.core.RedisHash (preferred), or consider extending one of the following types with your repository: org.springframework.data.keyvalue.repository.KeyValueRepository
2026-03-16T12:05:17.082Z  INFO 1 --- [bff] [main] .RepositoryConfigurationExtensionSupport : Spring Data Redis - Could not safely identify store assignment for repository candidate interface br.com.sebratel.bff.repository.radius.DuplicateCallingStationRepository; If you want this repository to be a Redis repository, consider annotating your entities with one of these annotations: org.springframework.data.redis.core.RedisHash (preferred), or consider extending one of the following types with your repository: org.springframework.data.keyvalue.repository.KeyValueRepository
2026-03-16T12:05:17.083Z  INFO 1 --- [bff] [main] .RepositoryConfigurationExtensionSupport : Spring Data Redis - Could not safely identify store assignment for repository candidate interface br.com.sebratel.bff.repository.radius.DuplicatePrefixRepository; If you want this repository to be a Redis repository, consider annotating your entities with one of these annotations: org.springframework.data.redis.core.RedisHash (preferred), or consider extending one of the following types with your repository: org.springframework.data.keyvalue.repository.KeyValueRepository
2026-03-16T12:05:17.084Z  INFO 1 --- [bff] [main] .RepositoryConfigurationExtensionSupport : Spring Data Redis - Could not safely identify store assignment for repository candidate interface br.com.sebratel.bff.repository.radius.FirstAuthenticationRepository; If you want this repository to be a Redis repository, consider annotating your entities with one of these annotations: org.springframework.data.redis.core.RedisHash (preferred), or consider extending one of the following types with your repository: org.springframework.data.keyvalue.repository.KeyValueRepository
2026-03-16T12:05:17.084Z  INFO 1 --- [bff] [main] .RepositoryConfigurationExtensionSupport : Spring Data Redis - Could not safely identify store assignment for repository candidate interface br.com.sebratel.bff.repository.radius.UltimaConexaoRepository; If you want this repository to be a Redis repository, consider annotating your entities with one of these annotations: org.springframework.data.redis.core.RedisHash (preferred), or consider extending one of the following types with your repository: org.springframework.data.keyvalue.repository.KeyValueRepository
2026-03-16T12:05:17.084Z  INFO 1 --- [bff] [main] .s.d.r.c.RepositoryConfigurationDelegate : Finished Spring Data repository scanning in 32 ms. Found 0 Redis repository interfaces.
2026-03-16T12:05:17.807Z  INFO 1 --- [bff] [main] o.s.b.w.embedded.tomcat.TomcatWebServer  : Tomcat initialized with port 8085 (http)
2026-03-16T12:05:17.821Z  INFO 1 --- [bff] [main] o.apache.catalina.core.StandardService   : Starting service [Tomcat]
2026-03-16T12:05:17.822Z  INFO 1 --- [bff] [main] o.apache.catalina.core.StandardEngine    : Starting Servlet engine: [Apache Tomcat/10.1.36]
2026-03-16T12:05:17.861Z  INFO 1 --- [bff] [main] o.a.c.c.C.[Tomcat].[localhost].[/]       : Initializing Spring embedded WebApplicationContext
2026-03-16T12:05:17.862Z  INFO 1 --- [bff] [main] w.s.c.ServletWebServerApplicationContext : Root WebApplicationContext: initialization completed in 1907 ms
2026-03-16T12:05:18.374Z  INFO 1 --- [bff] [main] com.zaxxer.hikari.HikariDataSource       : HikariPool-1 - Starting...
2026-03-16T12:05:18.868Z  INFO 1 --- [bff] [main] com.zaxxer.hikari.pool.HikariPool        : HikariPool-1 - Added connection org.postgresql.jdbc.PgConnection@30e143ff
2026-03-16T12:05:18.869Z  INFO 1 --- [bff] [main] com.zaxxer.hikari.HikariDataSource       : HikariPool-1 - Start completed.
2026-03-16T12:05:18.914Z  INFO 1 --- [bff] [main] o.hibernate.jpa.internal.util.LogHelper  : HHH000204: Processing PersistenceUnitInfo [name: erp]
2026-03-16T12:05:18.953Z  INFO 1 --- [bff] [main] org.hibernate.Version                    : HHH000412: Hibernate ORM core version 6.6.8.Final
2026-03-16T12:05:19.005Z  INFO 1 --- [bff] [main] o.h.c.internal.RegionFactoryInitiator    : HHH000026: Second-level cache disabled
2026-03-16T12:05:19.223Z  INFO 1 --- [bff] [main] o.s.o.j.p.SpringPersistenceUnitInfo      : No LoadTimeWeaver setup: ignoring JPA class transformer
2026-03-16T12:05:19.277Z  WARN 1 --- [bff] [main] org.hibernate.orm.deprecation            : HHH90000025: PostgreSQLDialect does not need to be specified explicitly using 'hibernate.dialect' (remove the property setting and it will be selected by default)
2026-03-16T12:05:19.298Z  INFO 1 --- [bff] [main] org.hibernate.orm.connections.pooling    : HHH10001005: Database info:
	Database JDBC URL [Connecting through datasource 'HikariDataSource (HikariPool-1)']
	Database driver: undefined/unknown
	Database version: 13.3
	Autocommit mode: undefined/unknown
	Isolation level: undefined/unknown
	Minimum pool size: undefined/unknown
	Maximum pool size: undefined/unknown
2026-03-16T12:05:19.967Z  INFO 1 --- [bff] [main] o.h.e.t.j.p.i.JtaPlatformInitiator       : HHH000489: No JTA platform available (set 'hibernate.transaction.jta.platform' to enable JTA platform integration)
2026-03-16T12:05:19.970Z  INFO 1 --- [bff] [main] j.LocalContainerEntityManagerFactoryBean : Initialized JPA EntityManagerFactory for persistence unit 'erp'
2026-03-16T12:05:19.982Z  INFO 1 --- [bff] [main] o.hibernate.jpa.internal.util.LogHelper  : HHH000204: Processing PersistenceUnitInfo [name: radius]
2026-03-16T12:05:19.986Z  INFO 1 --- [bff] [main] o.h.c.internal.RegionFactoryInitiator    : HHH000026: Second-level cache disabled
2026-03-16T12:05:19.999Z  INFO 1 --- [bff] [main] o.s.o.j.p.SpringPersistenceUnitInfo      : No LoadTimeWeaver setup: ignoring JPA class transformer
2026-03-16T12:05:20.000Z  INFO 1 --- [bff] [main] com.zaxxer.hikari.HikariDataSource       : HikariPool-2 - Starting...
2026-03-16T12:05:20.058Z  INFO 1 --- [bff] [main] com.zaxxer.hikari.pool.HikariPool        : HikariPool-2 - Added connection org.postgresql.jdbc.PgConnection@54519d74
2026-03-16T12:05:20.059Z  INFO 1 --- [bff] [main] com.zaxxer.hikari.HikariDataSource       : HikariPool-2 - Start completed.
2026-03-16T12:05:20.071Z  WARN 1 --- [bff] [main] org.hibernate.orm.deprecation            : HHH90000025: PostgreSQLDialect does not need to be specified explicitly using 'hibernate.dialect' (remove the property setting and it will be selected by default)
2026-03-16T12:05:20.080Z  INFO 1 --- [bff] [main] org.hibernate.orm.connections.pooling    : HHH10001005: Database info:
	Database JDBC URL [Connecting through datasource 'HikariDataSource (HikariPool-2)']
	Database driver: undefined/unknown
	Database version: 12.12
	Autocommit mode: undefined/unknown
	Isolation level: undefined/unknown
	Minimum pool size: undefined/unknown
	Maximum pool size: undefined/unknown
2026-03-16T12:05:20.171Z  INFO 1 --- [bff] [main] o.h.e.t.j.p.i.JtaPlatformInitiator       : HHH000489: No JTA platform available (set 'hibernate.transaction.jta.platform' to enable JTA platform integration)
2026-03-16T12:05:20.171Z  INFO 1 --- [bff] [main] j.LocalContainerEntityManagerFactoryBean : Initialized JPA EntityManagerFactory for persistence unit 'radius'
2026-03-16T12:05:20.181Z  INFO 1 --- [bff] [main] o.hibernate.jpa.internal.util.LogHelper  : HHH000204: Processing PersistenceUnitInfo [name: afetados]
2026-03-16T12:05:20.184Z  INFO 1 --- [bff] [main] o.h.c.internal.RegionFactoryInitiator    : HHH000026: Second-level cache disabled
2026-03-16T12:05:20.191Z  INFO 1 --- [bff] [main] o.s.o.j.p.SpringPersistenceUnitInfo      : No LoadTimeWeaver setup: ignoring JPA class transformer
2026-03-16T12:05:20.192Z  INFO 1 --- [bff] [main] com.zaxxer.hikari.HikariDataSource       : HikariPool-3 - Starting...
2026-03-16T12:05:20.253Z  INFO 1 --- [bff] [main] com.zaxxer.hikari.pool.HikariPool        : HikariPool-3 - Added connection org.mariadb.jdbc.Connection@2250deae
2026-03-16T12:05:20.254Z  INFO 1 --- [bff] [main] com.zaxxer.hikari.HikariDataSource       : HikariPool-3 - Start completed.
2026-03-16T12:05:20.263Z  WARN 1 --- [bff] [main] org.hibernate.orm.deprecation            : HHH90000025: MariaDBDialect does not need to be specified explicitly using 'hibernate.dialect' (remove the property setting and it will be selected by default)
2026-03-16T12:05:20.268Z  INFO 1 --- [bff] [main] org.hibernate.orm.connections.pooling    : HHH10001005: Database info:
	Database JDBC URL [Connecting through datasource 'HikariDataSource (HikariPool-3)']
	Database driver: undefined/unknown
	Database version: 10.11.10
	Autocommit mode: undefined/unknown
	Isolation level: undefined/unknown
	Minimum pool size: undefined/unknown
	Maximum pool size: undefined/unknown
2026-03-16T12:05:20.311Z  INFO 1 --- [bff] [main] o.h.e.t.j.p.i.JtaPlatformInitiator       : HHH000489: No JTA platform available (set 'hibernate.transaction.jta.platform' to enable JTA platform integration)
2026-03-16T12:05:20.312Z  INFO 1 --- [bff] [main] j.LocalContainerEntityManagerFactoryBean : Initialized JPA EntityManagerFactory for persistence unit 'afetados'
2026-03-16T12:05:20.492Z  INFO 1 --- [bff] [main] o.s.d.j.r.query.QueryEnhancerFactory     : Hibernate is in classpath; If applicable, HQL parser will be used.
2026-03-16T12:05:21.194Z  WARN 1 --- [bff] [main] JpaBaseConfiguration$JpaWebConfiguration : spring.jpa.open-in-view is enabled by default. Therefore, database queries may be performed during view rendering. Explicitly configure spring.jpa.open-in-view to disable this warning
2026-03-16T12:05:21.223Z  INFO 1 --- [bff] [main] r$InitializeUserDetailsManagerConfigurer : Global AuthenticationManager configured with UserDetailsService bean with name inMemoryUserDetailsManager
2026-03-16T12:05:21.811Z  INFO 1 --- [bff] [main] o.s.b.w.embedded.tomcat.TomcatWebServer  : Tomcat started on port 8085 (http) with context path '/'
2026-03-16T12:05:21.822Z  INFO 1 --- [bff] [main] br.com.sebratel.bff.BffApplication       : Started BffApplication in 6.434 seconds (process running for 7.01)
2026-03-16T12:07:18.848Z  INFO 1 --- [bff] [main] br.com.sebratel.bff.BffApplication       : Starting BffApplication v1.0.0-SNAPSHOT using Java 21.0.10 with PID 1 (/app/app.jar started by root in /app)
2026-03-16T12:07:18.850Z  INFO 1 --- [bff] [main] br.com.sebratel.bff.BffApplication       : No active profile set, falling back to 1 default profile: "default"
2026-03-16T12:07:19.652Z  INFO 1 --- [bff] [main] .s.d.r.c.RepositoryConfigurationDelegate : Multiple Spring Data modules found, entering strict repository configuration mode
2026-03-16T12:07:19.652Z  INFO 1 --- [bff] [main] .s.d.r.c.RepositoryConfigurationDelegate : Bootstrapping Spring Data JPA repositories in DEFAULT mode.
2026-03-16T12:07:19.776Z  INFO 1 --- [bff] [main] .s.d.r.c.RepositoryConfigurationDelegate : Finished Spring Data repository scanning in 114 ms. Found 15 JPA repository interfaces.
2026-03-16T12:07:19.777Z  INFO 1 --- [bff] [main] .s.d.r.c.RepositoryConfigurationDelegate : Multiple Spring Data modules found, entering strict repository configuration mode
2026-03-16T12:07:19.777Z  INFO 1 --- [bff] [main] .s.d.r.c.RepositoryConfigurationDelegate : Bootstrapping Spring Data JPA repositories in DEFAULT mode.
2026-03-16T12:07:19.787Z  INFO 1 --- [bff] [main] .s.d.r.c.RepositoryConfigurationDelegate : Finished Spring Data repository scanning in 7 ms. Found 5 JPA repository interfaces.
2026-03-16T12:07:19.788Z  INFO 1 --- [bff] [main] .s.d.r.c.RepositoryConfigurationDelegate : Multiple Spring Data modules found, entering strict repository configuration mode
2026-03-16T12:07:19.788Z  INFO 1 --- [bff] [main] .s.d.r.c.RepositoryConfigurationDelegate : Bootstrapping Spring Data JPA repositories in DEFAULT mode.
2026-03-16T12:07:19.796Z  INFO 1 --- [bff] [main] .s.d.r.c.RepositoryConfigurationDelegate : Finished Spring Data repository scanning in 6 ms. Found 1 JPA repository interface.
2026-03-16T12:07:20.071Z  INFO 1 --- [bff] [main] .s.d.r.c.RepositoryConfigurationDelegate : Multiple Spring Data modules found, entering strict repository configuration mode
2026-03-16T12:07:20.071Z  INFO 1 --- [bff] [main] .s.d.r.c.RepositoryConfigurationDelegate : Bootstrapping Spring Data Redis repositories in DEFAULT mode.
2026-03-16T12:07:20.090Z  INFO 1 --- [bff] [main] .RepositoryConfigurationExtensionSupport : Spring Data Redis - Could not safely identify store assignment for repository candidate interface br.com.sebratel.bff.repository.afetados.impl.UsuarioAfetadoJPARepository; If you want this repository to be a Redis repository, consider annotating your entities with one of these annotations: org.springframework.data.redis.core.RedisHash (preferred), or consider extending one of the following types with your repository: org.springframework.data.keyvalue.repository.KeyValueRepository
2026-03-16T12:07:20.091Z  INFO 1 --- [bff] [main] .RepositoryConfigurationExtensionSupport : Spring Data Redis - Could not safely identify store assignment for repository candidate interface br.com.sebratel.bff.repository.erp.AquisicaoRepository; If you want this repository to be a Redis repository, consider annotating your entities with one of these annotations: org.springframework.data.redis.core.RedisHash (preferred), or consider extending one of the following types with your repository: org.springframework.data.keyvalue.repository.KeyValueRepository
2026-03-16T12:07:20.091Z  INFO 1 --- [bff] [main] .RepositoryConfigurationExtensionSupport : Spring Data Redis - Could not safely identify store assignment for repository candidate interface br.com.sebratel.bff.repository.erp.ContractActivationRepository; If you want this repository to be a Redis repository, consider annotating your entities with one of these annotations: org.springframework.data.redis.core.RedisHash (preferred), or consider extending one of the following types with your repository: org.springframework.data.keyvalue.repository.KeyValueRepository
2026-03-16T12:07:20.092Z  INFO 1 --- [bff] [main] .RepositoryConfigurationExtensionSupport : Spring Data Redis - Could not safely identify store assignment for repository candidate interface br.com.sebratel.bff.repository.erp.ContractPaymentRepository; If you want this repository to be a Redis repository, consider annotating your entities with one of these annotations: org.springframework.data.redis.core.RedisHash (preferred), or consider extending one of the following types with your repository: org.springframework.data.keyvalue.repository.KeyValueRepository
2026-03-16T12:07:20.094Z  INFO 1 --- [bff] [main] .RepositoryConfigurationExtensionSupport : Spring Data Redis - Could not safely identify store assignment for repository candidate interface br.com.sebratel.bff.repository.erp.ContratoAtivacaoFaturaRepository; If you want this repository to be a Redis repository, consider annotating your entities with one of these annotations: org.springframework.data.redis.core.RedisHash (preferred), or consider extending one of the following types with your repository: org.springframework.data.keyvalue.repository.KeyValueRepository
2026-03-16T12:07:20.095Z  INFO 1 --- [bff] [main] .RepositoryConfigurationExtensionSupport : Spring Data Redis - Could not safely identify store assignment for repository candidate interface br.com.sebratel.bff.repository.erp.ContratoBloqueadoRepository; If you want this repository to be a Redis repository, consider annotating your entities with one of these annotations: org.springframework.data.redis.core.RedisHash (preferred), or consider extending one of the following types with your repository: org.springframework.data.keyvalue.repository.KeyValueRepository
2026-03-16T12:07:20.096Z  INFO 1 --- [bff] [main] .RepositoryConfigurationExtensionSupport : Spring Data Redis - Could not safely identify store assignment for repository candidate interface br.com.sebratel.bff.repository.erp.ContratoSemFaturaRepository; If you want this repository to be a Redis repository, consider annotating your entities with one of these annotations: org.springframework.data.redis.core.RedisHash (preferred), or consider extending one of the following types with your repository: org.springframework.data.keyvalue.repository.KeyValueRepository
2026-03-16T12:07:20.097Z  INFO 1 --- [bff] [main] .RepositoryConfigurationExtensionSupport : Spring Data Redis - Could not safely identify store assignment for repository candidate interface br.com.sebratel.bff.repository.erp.EstoqueRepository; If you want this repository to be a Redis repository, consider annotating your entities with one of these annotations: org.springframework.data.redis.core.RedisHash (preferred), or consider extending one of the following types with your repository: org.springframework.data.keyvalue.repository.KeyValueRepository
2026-03-16T12:07:20.099Z  INFO 1 --- [bff] [main] .RepositoryConfigurationExtensionSupport : Spring Data Redis - Could not safely identify store assignment for repository candidate interface br.com.sebratel.bff.repository.erp.MovimentacaoEstoqueRepository; If you want this repository to be a Redis repository, consider annotating your entities with one of these annotations: org.springframework.data.redis.core.RedisHash (preferred), or consider extending one of the following types with your repository: org.springframework.data.keyvalue.repository.KeyValueRepository
2026-03-16T12:07:20.100Z  INFO 1 --- [bff] [main] .RepositoryConfigurationExtensionSupport : Spring Data Redis - Could not safely identify store assignment for repository candidate interface br.com.sebratel.bff.repository.erp.PatrimonioPendenteRepository; If you want this repository to be a Redis repository, consider annotating your entities with one of these annotations: org.springframework.data.redis.core.RedisHash (preferred), or consider extending one of the following types with your repository: org.springframework.data.keyvalue.repository.KeyValueRepository
2026-03-16T12:07:20.100Z  INFO 1 --- [bff] [main] .RepositoryConfigurationExtensionSupport : Spring Data Redis - Could not safely identify store assignment for repository candidate interface br.com.sebratel.bff.repository.erp.PlanoRepository; If you want this repository to be a Redis repository, consider annotating your entities with one of these annotations: org.springframework.data.redis.core.RedisHash (preferred), or consider extending one of the following types with your repository: org.springframework.data.keyvalue.repository.KeyValueRepository
2026-03-16T12:07:20.101Z  INFO 1 --- [bff] [main] .RepositoryConfigurationExtensionSupport : Spring Data Redis - Could not safely identify store assignment for repository candidate interface br.com.sebratel.bff.repository.erp.RecuperarTodasAsMassivasPeloBancoRepository; If you want this repository to be a Redis repository, consider annotating your entities with one of these annotations: org.springframework.data.redis.core.RedisHash (preferred), or consider extending one of the following types with your repository: org.springframework.data.keyvalue.repository.KeyValueRepository
2026-03-16T12:07:20.101Z  INFO 1 --- [bff] [main] .RepositoryConfigurationExtensionSupport : Spring Data Redis - Could not safely identify store assignment for repository candidate interface br.com.sebratel.bff.repository.erp.RelatorioClienteNomeDuplicadoRepository; If you want this repository to be a Redis repository, consider annotating your entities with one of these annotations: org.springframework.data.redis.core.RedisHash (preferred), or consider extending one of the following types with your repository: org.springframework.data.keyvalue.repository.KeyValueRepository
2026-03-16T12:07:20.101Z  INFO 1 --- [bff] [main] .RepositoryConfigurationExtensionSupport : Spring Data Redis - Could not safely identify store assignment for repository candidate interface br.com.sebratel.bff.repository.erp.VendedoresAtivosRepository; If you want this repository to be a Redis repository, consider annotating your entities with one of these annotations: org.springframework.data.redis.core.RedisHash (preferred), or consider extending one of the following types with your repository: org.springframework.data.keyvalue.repository.KeyValueRepository
2026-03-16T12:07:20.101Z  INFO 1 --- [bff] [main] .RepositoryConfigurationExtensionSupport : Spring Data Redis - Could not safely identify store assignment for repository candidate interface br.com.sebratel.bff.repository.erp.comercial.ContratoPersonalizadoRepository; If you want this repository to be a Redis repository, consider annotating your entities with one of these annotations: org.springframework.data.redis.core.RedisHash (preferred), or consider extending one of the following types with your repository: org.springframework.data.keyvalue.repository.KeyValueRepository
2026-03-16T12:07:20.101Z  INFO 1 --- [bff] [main] .RepositoryConfigurationExtensionSupport : Spring Data Redis - Could not safely identify store assignment for repository candidate interface br.com.sebratel.bff.repository.erp.comercial.RelatorioPlanilhaRepository; If you want this repository to be a Redis repository, consider annotating your entities with one of these annotations: org.springframework.data.redis.core.RedisHash (preferred), or consider extending one of the following types with your repository: org.springframework.data.keyvalue.repository.KeyValueRepository
2026-03-16T12:07:20.101Z  INFO 1 --- [bff] [main] .RepositoryConfigurationExtensionSupport : Spring Data Redis - Could not safely identify store assignment for repository candidate interface br.com.sebratel.bff.repository.radius.ConsumoRepository; If you want this repository to be a Redis repository, consider annotating your entities with one of these annotations: org.springframework.data.redis.core.RedisHash (preferred), or consider extending one of the following types with your repository: org.springframework.data.keyvalue.repository.KeyValueRepository
2026-03-16T12:07:20.102Z  INFO 1 --- [bff] [main] .RepositoryConfigurationExtensionSupport : Spring Data Redis - Could not safely identify store assignment for repository candidate interface br.com.sebratel.bff.repository.radius.DuplicateCallingStationRepository; If you want this repository to be a Redis repository, consider annotating your entities with one of these annotations: org.springframework.data.redis.core.RedisHash (preferred), or consider extending one of the following types with your repository: org.springframework.data.keyvalue.repository.KeyValueRepository
2026-03-16T12:07:20.102Z  INFO 1 --- [bff] [main] .RepositoryConfigurationExtensionSupport : Spring Data Redis - Could not safely identify store assignment for repository candidate interface br.com.sebratel.bff.repository.radius.DuplicatePrefixRepository; If you want this repository to be a Redis repository, consider annotating your entities with one of these annotations: org.springframework.data.redis.core.RedisHash (preferred), or consider extending one of the following types with your repository: org.springframework.data.keyvalue.repository.KeyValueRepository
2026-03-16T12:07:20.102Z  INFO 1 --- [bff] [main] .RepositoryConfigurationExtensionSupport : Spring Data Redis - Could not safely identify store assignment for repository candidate interface br.com.sebratel.bff.repository.radius.FirstAuthenticationRepository; If you want this repository to be a Redis repository, consider annotating your entities with one of these annotations: org.springframework.data.redis.core.RedisHash (preferred), or consider extending one of the following types with your repository: org.springframework.data.keyvalue.repository.KeyValueRepository
2026-03-16T12:07:20.102Z  INFO 1 --- [bff] [main] .RepositoryConfigurationExtensionSupport : Spring Data Redis - Could not safely identify store assignment for repository candidate interface br.com.sebratel.bff.repository.radius.UltimaConexaoRepository; If you want this repository to be a Redis repository, consider annotating your entities with one of these annotations: org.springframework.data.redis.core.RedisHash (preferred), or consider extending one of the following types with your repository: org.springframework.data.keyvalue.repository.KeyValueRepository
2026-03-16T12:07:20.102Z  INFO 1 --- [bff] [main] .s.d.r.c.RepositoryConfigurationDelegate : Finished Spring Data repository scanning in 25 ms. Found 0 Redis repository interfaces.
2026-03-16T12:07:20.878Z  INFO 1 --- [bff] [main] o.s.b.w.embedded.tomcat.TomcatWebServer  : Tomcat initialized with port 8085 (http)
2026-03-16T12:07:20.895Z  INFO 1 --- [bff] [main] o.apache.catalina.core.StandardService   : Starting service [Tomcat]
2026-03-16T12:07:20.896Z  INFO 1 --- [bff] [main] o.apache.catalina.core.StandardEngine    : Starting Servlet engine: [Apache Tomcat/10.1.36]
2026-03-16T12:07:20.926Z  INFO 1 --- [bff] [main] o.a.c.c.C.[Tomcat].[localhost].[/]       : Initializing Spring embedded WebApplicationContext
2026-03-16T12:07:20.926Z  INFO 1 --- [bff] [main] w.s.c.ServletWebServerApplicationContext : Root WebApplicationContext: initialization completed in 2030 ms
2026-03-16T12:07:21.294Z  INFO 1 --- [bff] [main] com.zaxxer.hikari.HikariDataSource       : HikariPool-1 - Starting...
2026-03-16T12:07:21.611Z  INFO 1 --- [bff] [main] com.zaxxer.hikari.pool.HikariPool        : HikariPool-1 - Added connection org.postgresql.jdbc.PgConnection@4ff9f715
2026-03-16T12:07:21.613Z  INFO 1 --- [bff] [main] com.zaxxer.hikari.HikariDataSource       : HikariPool-1 - Start completed.
2026-03-16T12:07:21.656Z  INFO 1 --- [bff] [main] o.hibernate.jpa.internal.util.LogHelper  : HHH000204: Processing PersistenceUnitInfo [name: erp]
2026-03-16T12:07:21.684Z  INFO 1 --- [bff] [main] org.hibernate.Version                    : HHH000412: Hibernate ORM core version 6.6.8.Final
2026-03-16T12:07:21.704Z  INFO 1 --- [bff] [main] o.h.c.internal.RegionFactoryInitiator    : HHH000026: Second-level cache disabled
2026-03-16T12:07:21.858Z  INFO 1 --- [bff] [main] o.s.o.j.p.SpringPersistenceUnitInfo      : No LoadTimeWeaver setup: ignoring JPA class transformer
2026-03-16T12:07:21.902Z  WARN 1 --- [bff] [main] org.hibernate.orm.deprecation            : HHH90000025: PostgreSQLDialect does not need to be specified explicitly using 'hibernate.dialect' (remove the property setting and it will be selected by default)
2026-03-16T12:07:21.921Z  INFO 1 --- [bff] [main] org.hibernate.orm.connections.pooling    : HHH10001005: Database info:
	Database JDBC URL [Connecting through datasource 'HikariDataSource (HikariPool-1)']
	Database driver: undefined/unknown
	Database version: 13.3
	Autocommit mode: undefined/unknown
	Isolation level: undefined/unknown
	Minimum pool size: undefined/unknown
	Maximum pool size: undefined/unknown
2026-03-16T12:07:22.508Z  INFO 1 --- [bff] [main] o.h.e.t.j.p.i.JtaPlatformInitiator       : HHH000489: No JTA platform available (set 'hibernate.transaction.jta.platform' to enable JTA platform integration)
2026-03-16T12:07:22.511Z  INFO 1 --- [bff] [main] j.LocalContainerEntityManagerFactoryBean : Initialized JPA EntityManagerFactory for persistence unit 'erp'
2026-03-16T12:07:22.530Z  INFO 1 --- [bff] [main] o.hibernate.jpa.internal.util.LogHelper  : HHH000204: Processing PersistenceUnitInfo [name: radius]
2026-03-16T12:07:22.536Z  INFO 1 --- [bff] [main] o.h.c.internal.RegionFactoryInitiator    : HHH000026: Second-level cache disabled
2026-03-16T12:07:22.550Z  INFO 1 --- [bff] [main] o.s.o.j.p.SpringPersistenceUnitInfo      : No LoadTimeWeaver setup: ignoring JPA class transformer
2026-03-16T12:07:22.551Z  INFO 1 --- [bff] [main] com.zaxxer.hikari.HikariDataSource       : HikariPool-2 - Starting...
2026-03-16T12:07:22.620Z  INFO 1 --- [bff] [main] com.zaxxer.hikari.pool.HikariPool        : HikariPool-2 - Added connection org.postgresql.jdbc.PgConnection@2643caa6
2026-03-16T12:07:22.621Z  INFO 1 --- [bff] [main] com.zaxxer.hikari.HikariDataSource       : HikariPool-2 - Start completed.
2026-03-16T12:07:22.631Z  WARN 1 --- [bff] [main] org.hibernate.orm.deprecation            : HHH90000025: PostgreSQLDialect does not need to be specified explicitly using 'hibernate.dialect' (remove the property setting and it will be selected by default)
2026-03-16T12:07:22.641Z  INFO 1 --- [bff] [main] org.hibernate.orm.connections.pooling    : HHH10001005: Database info:
	Database JDBC URL [Connecting through datasource 'HikariDataSource (HikariPool-2)']
	Database driver: undefined/unknown
	Database version: 12.12
	Autocommit mode: undefined/unknown
	Isolation level: undefined/unknown
	Minimum pool size: undefined/unknown
	Maximum pool size: undefined/unknown
2026-03-16T12:07:22.711Z  INFO 1 --- [bff] [main] o.h.e.t.j.p.i.JtaPlatformInitiator       : HHH000489: No JTA platform available (set 'hibernate.transaction.jta.platform' to enable JTA platform integration)
2026-03-16T12:07:22.711Z  INFO 1 --- [bff] [main] j.LocalContainerEntityManagerFactoryBean : Initialized JPA EntityManagerFactory for persistence unit 'radius'
2026-03-16T12:07:22.721Z  INFO 1 --- [bff] [main] o.hibernate.jpa.internal.util.LogHelper  : HHH000204: Processing PersistenceUnitInfo [name: afetados]
2026-03-16T12:07:22.725Z  INFO 1 --- [bff] [main] o.h.c.internal.RegionFactoryInitiator    : HHH000026: Second-level cache disabled
2026-03-16T12:07:22.736Z  INFO 1 --- [bff] [main] o.s.o.j.p.SpringPersistenceUnitInfo      : No LoadTimeWeaver setup: ignoring JPA class transformer
2026-03-16T12:07:22.738Z  INFO 1 --- [bff] [main] com.zaxxer.hikari.HikariDataSource       : HikariPool-3 - Starting...
2026-03-16T12:07:22.805Z  INFO 1 --- [bff] [main] com.zaxxer.hikari.pool.HikariPool        : HikariPool-3 - Added connection org.mariadb.jdbc.Connection@3f8c4bcf
2026-03-16T12:07:22.805Z  INFO 1 --- [bff] [main] com.zaxxer.hikari.HikariDataSource       : HikariPool-3 - Start completed.
2026-03-16T12:07:22.815Z  WARN 1 --- [bff] [main] org.hibernate.orm.deprecation            : HHH90000025: MariaDBDialect does not need to be specified explicitly using 'hibernate.dialect' (remove the property setting and it will be selected by default)
2026-03-16T12:07:22.819Z  INFO 1 --- [bff] [main] org.hibernate.orm.connections.pooling    : HHH10001005: Database info:
	Database JDBC URL [Connecting through datasource 'HikariDataSource (HikariPool-3)']
	Database driver: undefined/unknown
	Database version: 10.11.10
	Autocommit mode: undefined/unknown
	Isolation level: undefined/unknown
	Minimum pool size: undefined/unknown
	Maximum pool size: undefined/unknown
2026-03-16T12:07:22.869Z  INFO 1 --- [bff] [main] o.h.e.t.j.p.i.JtaPlatformInitiator       : HHH000489: No JTA platform available (set 'hibernate.transaction.jta.platform' to enable JTA platform integration)
2026-03-16T12:07:22.869Z  INFO 1 --- [bff] [main] j.LocalContainerEntityManagerFactoryBean : Initialized JPA EntityManagerFactory for persistence unit 'afetados'
2026-03-16T12:07:23.080Z  INFO 1 --- [bff] [main] o.s.d.j.r.query.QueryEnhancerFactory     : Hibernate is in classpath; If applicable, HQL parser will be used.
2026-03-16T12:07:23.867Z  WARN 1 --- [bff] [main] JpaBaseConfiguration$JpaWebConfiguration : spring.jpa.open-in-view is enabled by default. Therefore, database queries may be performed during view rendering. Explicitly configure spring.jpa.open-in-view to disable this warning
2026-03-16T12:07:23.891Z  INFO 1 --- [bff] [main] r$InitializeUserDetailsManagerConfigurer : Global AuthenticationManager configured with UserDetailsService bean with name inMemoryUserDetailsManager
2026-03-16T12:07:24.497Z  INFO 1 --- [bff] [main] o.s.b.w.embedded.tomcat.TomcatWebServer  : Tomcat started on port 8085 (http) with context path '/'
2026-03-16T12:07:24.506Z  INFO 1 --- [bff] [main] br.com.sebratel.bff.BffApplication       : Started BffApplication in 6.349 seconds (process running for 7.018)
2026-03-16T12:09:14.465Z  INFO 1 --- [bff] [SpringApplicationShutdownHook] o.s.b.w.e.tomcat.GracefulShutdown        : Commencing graceful shutdown. Waiting for active requests to complete
2026-03-16T12:09:14.483Z  INFO 1 --- [bff] [tomcat-shutdown] o.s.b.w.e.tomcat.GracefulShutdown        : Graceful shutdown complete
2026-03-16T12:09:38.484Z  INFO 1 --- [bff] [main] br.com.sebratel.bff.BffApplication       : Starting BffApplication v1.0.0-SNAPSHOT using Java 21.0.10 with PID 1 (/app/app.jar started by root in /app)
2026-03-16T12:09:38.487Z  INFO 1 --- [bff] [main] br.com.sebratel.bff.BffApplication       : No active profile set, falling back to 1 default profile: "default"
2026-03-16T12:09:39.155Z  INFO 1 --- [bff] [main] .s.d.r.c.RepositoryConfigurationDelegate : Multiple Spring Data modules found, entering strict repository configuration mode
2026-03-16T12:09:39.156Z  INFO 1 --- [bff] [main] .s.d.r.c.RepositoryConfigurationDelegate : Bootstrapping Spring Data JPA repositories in DEFAULT mode.
2026-03-16T12:09:39.258Z  INFO 1 --- [bff] [main] .s.d.r.c.RepositoryConfigurationDelegate : Finished Spring Data repository scanning in 94 ms. Found 15 JPA repository interfaces.
2026-03-16T12:09:39.259Z  INFO 1 --- [bff] [main] .s.d.r.c.RepositoryConfigurationDelegate : Multiple Spring Data modules found, entering strict repository configuration mode
2026-03-16T12:09:39.259Z  INFO 1 --- [bff] [main] .s.d.r.c.RepositoryConfigurationDelegate : Bootstrapping Spring Data JPA repositories in DEFAULT mode.
2026-03-16T12:09:39.269Z  INFO 1 --- [bff] [main] .s.d.r.c.RepositoryConfigurationDelegate : Finished Spring Data repository scanning in 9 ms. Found 5 JPA repository interfaces.
2026-03-16T12:09:39.271Z  INFO 1 --- [bff] [main] .s.d.r.c.RepositoryConfigurationDelegate : Multiple Spring Data modules found, entering strict repository configuration mode
2026-03-16T12:09:39.271Z  INFO 1 --- [bff] [main] .s.d.r.c.RepositoryConfigurationDelegate : Bootstrapping Spring Data JPA repositories in DEFAULT mode.
2026-03-16T12:09:39.277Z  INFO 1 --- [bff] [main] .s.d.r.c.RepositoryConfigurationDelegate : Finished Spring Data repository scanning in 4 ms. Found 1 JPA repository interface.
2026-03-16T12:09:39.538Z  INFO 1 --- [bff] [main] .s.d.r.c.RepositoryConfigurationDelegate : Multiple Spring Data modules found, entering strict repository configuration mode
2026-03-16T12:09:39.539Z  INFO 1 --- [bff] [main] .s.d.r.c.RepositoryConfigurationDelegate : Bootstrapping Spring Data Redis repositories in DEFAULT mode.
2026-03-16T12:09:39.566Z  INFO 1 --- [bff] [main] .RepositoryConfigurationExtensionSupport : Spring Data Redis - Could not safely identify store assignment for repository candidate interface br.com.sebratel.bff.repository.afetados.impl.UsuarioAfetadoJPARepository; If you want this repository to be a Redis repository, consider annotating your entities with one of these annotations: org.springframework.data.redis.core.RedisHash (preferred), or consider extending one of the following types with your repository: org.springframework.data.keyvalue.repository.KeyValueRepository
2026-03-16T12:09:39.568Z  INFO 1 --- [bff] [main] .RepositoryConfigurationExtensionSupport : Spring Data Redis - Could not safely identify store assignment for repository candidate interface br.com.sebratel.bff.repository.erp.AquisicaoRepository; If you want this repository to be a Redis repository, consider annotating your entities with one of these annotations: org.springframework.data.redis.core.RedisHash (preferred), or consider extending one of the following types with your repository: org.springframework.data.keyvalue.repository.KeyValueRepository
2026-03-16T12:09:39.568Z  INFO 1 --- [bff] [main] .RepositoryConfigurationExtensionSupport : Spring Data Redis - Could not safely identify store assignment for repository candidate interface br.com.sebratel.bff.repository.erp.ContractActivationRepository; If you want this repository to be a Redis repository, consider annotating your entities with one of these annotations: org.springframework.data.redis.core.RedisHash (preferred), or consider extending one of the following types with your repository: org.springframework.data.keyvalue.repository.KeyValueRepository
2026-03-16T12:09:39.569Z  INFO 1 --- [bff] [main] .RepositoryConfigurationExtensionSupport : Spring Data Redis - Could not safely identify store assignment for repository candidate interface br.com.sebratel.bff.repository.erp.ContractPaymentRepository; If you want this repository to be a Redis repository, consider annotating your entities with one of these annotations: org.springframework.data.redis.core.RedisHash (preferred), or consider extending one of the following types with your repository: org.springframework.data.keyvalue.repository.KeyValueRepository
2026-03-16T12:09:39.570Z  INFO 1 --- [bff] [main] .RepositoryConfigurationExtensionSupport : Spring Data Redis - Could not safely identify store assignment for repository candidate interface br.com.sebratel.bff.repository.erp.ContratoAtivacaoFaturaRepository; If you want this repository to be a Redis repository, consider annotating your entities with one of these annotations: org.springframework.data.redis.core.RedisHash (preferred), or consider extending one of the following types with your repository: org.springframework.data.keyvalue.repository.KeyValueRepository
2026-03-16T12:09:39.570Z  INFO 1 --- [bff] [main] .RepositoryConfigurationExtensionSupport : Spring Data Redis - Could not safely identify store assignment for repository candidate interface br.com.sebratel.bff.repository.erp.ContratoBloqueadoRepository; If you want this repository to be a Redis repository, consider annotating your entities with one of these annotations: org.springframework.data.redis.core.RedisHash (preferred), or consider extending one of the following types with your repository: org.springframework.data.keyvalue.repository.KeyValueRepository
2026-03-16T12:09:39.570Z  INFO 1 --- [bff] [main] .RepositoryConfigurationExtensionSupport : Spring Data Redis - Could not safely identify store assignment for repository candidate interface br.com.sebratel.bff.repository.erp.ContratoSemFaturaRepository; If you want this repository to be a Redis repository, consider annotating your entities with one of these annotations: org.springframework.data.redis.core.RedisHash (preferred), or consider extending one of the following types with your repository: org.springframework.data.keyvalue.repository.KeyValueRepository
2026-03-16T12:09:39.571Z  INFO 1 --- [bff] [main] .RepositoryConfigurationExtensionSupport : Spring Data Redis - Could not safely identify store assignment for repository candidate interface br.com.sebratel.bff.repository.erp.EstoqueRepository; If you want this repository to be a Redis repository, consider annotating your entities with one of these annotations: org.springframework.data.redis.core.RedisHash (preferred), or consider extending one of the following types with your repository: org.springframework.data.keyvalue.repository.KeyValueRepository
2026-03-16T12:09:39.572Z  INFO 1 --- [bff] [main] .RepositoryConfigurationExtensionSupport : Spring Data Redis - Could not safely identify store assignment for repository candidate interface br.com.sebratel.bff.repository.erp.MovimentacaoEstoqueRepository; If you want this repository to be a Redis repository, consider annotating your entities with one of these annotations: org.springframework.data.redis.core.RedisHash (preferred), or consider extending one of the following types with your repository: org.springframework.data.keyvalue.repository.KeyValueRepository
2026-03-16T12:09:39.573Z  INFO 1 --- [bff] [main] .RepositoryConfigurationExtensionSupport : Spring Data Redis - Could not safely identify store assignment for repository candidate interface br.com.sebratel.bff.repository.erp.PatrimonioPendenteRepository; If you want this repository to be a Redis repository, consider annotating your entities with one of these annotations: org.springframework.data.redis.core.RedisHash (preferred), or consider extending one of the following types with your repository: org.springframework.data.keyvalue.repository.KeyValueRepository
2026-03-16T12:09:39.573Z  INFO 1 --- [bff] [main] .RepositoryConfigurationExtensionSupport : Spring Data Redis - Could not safely identify store assignment for repository candidate interface br.com.sebratel.bff.repository.erp.PlanoRepository; If you want this repository to be a Redis repository, consider annotating your entities with one of these annotations: org.springframework.data.redis.core.RedisHash (preferred), or consider extending one of the following types with your repository: org.springframework.data.keyvalue.repository.KeyValueRepository
2026-03-16T12:09:39.573Z  INFO 1 --- [bff] [main] .RepositoryConfigurationExtensionSupport : Spring Data Redis - Could not safely identify store assignment for repository candidate interface br.com.sebratel.bff.repository.erp.RecuperarTodasAsMassivasPeloBancoRepository; If you want this repository to be a Redis repository, consider annotating your entities with one of these annotations: org.springframework.data.redis.core.RedisHash (preferred), or consider extending one of the following types with your repository: org.springframework.data.keyvalue.repository.KeyValueRepository
2026-03-16T12:09:39.573Z  INFO 1 --- [bff] [main] .RepositoryConfigurationExtensionSupport : Spring Data Redis - Could not safely identify store assignment for repository candidate interface br.com.sebratel.bff.repository.erp.RelatorioClienteNomeDuplicadoRepository; If you want this repository to be a Redis repository, consider annotating your entities with one of these annotations: org.springframework.data.redis.core.RedisHash (preferred), or consider extending one of the following types with your repository: org.springframework.data.keyvalue.repository.KeyValueRepository
2026-03-16T12:09:39.574Z  INFO 1 --- [bff] [main] .RepositoryConfigurationExtensionSupport : Spring Data Redis - Could not safely identify store assignment for repository candidate interface br.com.sebratel.bff.repository.erp.VendedoresAtivosRepository; If you want this repository to be a Redis repository, consider annotating your entities with one of these annotations: org.springframework.data.redis.core.RedisHash (preferred), or consider extending one of the following types with your repository: org.springframework.data.keyvalue.repository.KeyValueRepository
2026-03-16T12:09:39.575Z  INFO 1 --- [bff] [main] .RepositoryConfigurationExtensionSupport : Spring Data Redis - Could not safely identify store assignment for repository candidate interface br.com.sebratel.bff.repository.erp.comercial.ContratoPersonalizadoRepository; If you want this repository to be a Redis repository, consider annotating your entities with one of these annotations: org.springframework.data.redis.core.RedisHash (preferred), or consider extending one of the following types with your repository: org.springframework.data.keyvalue.repository.KeyValueRepository
2026-03-16T12:09:39.576Z  INFO 1 --- [bff] [main] .RepositoryConfigurationExtensionSupport : Spring Data Redis - Could not safely identify store assignment for repository candidate interface br.com.sebratel.bff.repository.erp.comercial.RelatorioPlanilhaRepository; If you want this repository to be a Redis repository, consider annotating your entities with one of these annotations: org.springframework.data.redis.core.RedisHash (preferred), or consider extending one of the following types with your repository: org.springframework.data.keyvalue.repository.KeyValueRepository
2026-03-16T12:09:39.576Z  INFO 1 --- [bff] [main] .RepositoryConfigurationExtensionSupport : Spring Data Redis - Could not safely identify store assignment for repository candidate interface br.com.sebratel.bff.repository.radius.ConsumoRepository; If you want this repository to be a Redis repository, consider annotating your entities with one of these annotations: org.springframework.data.redis.core.RedisHash (preferred), or consider extending one of the following types with your repository: org.springframework.data.keyvalue.repository.KeyValueRepository
2026-03-16T12:09:39.576Z  INFO 1 --- [bff] [main] .RepositoryConfigurationExtensionSupport : Spring Data Redis - Could not safely identify store assignment for repository candidate interface br.com.sebratel.bff.repository.radius.DuplicateCallingStationRepository; If you want this repository to be a Redis repository, consider annotating your entities with one of these annotations: org.springframework.data.redis.core.RedisHash (preferred), or consider extending one of the following types with your repository: org.springframework.data.keyvalue.repository.KeyValueRepository
2026-03-16T12:09:39.577Z  INFO 1 --- [bff] [main] .RepositoryConfigurationExtensionSupport : Spring Data Redis - Could not safely identify store assignment for repository candidate interface br.com.sebratel.bff.repository.radius.DuplicatePrefixRepository; If you want this repository to be a Redis repository, consider annotating your entities with one of these annotations: org.springframework.data.redis.core.RedisHash (preferred), or consider extending one of the following types with your repository: org.springframework.data.keyvalue.repository.KeyValueRepository
2026-03-16T12:09:39.577Z  INFO 1 --- [bff] [main] .RepositoryConfigurationExtensionSupport : Spring Data Redis - Could not safely identify store assignment for repository candidate interface br.com.sebratel.bff.repository.radius.FirstAuthenticationRepository; If you want this repository to be a Redis repository, consider annotating your entities with one of these annotations: org.springframework.data.redis.core.RedisHash (preferred), or consider extending one of the following types with your repository: org.springframework.data.keyvalue.repository.KeyValueRepository
2026-03-16T12:09:39.577Z  INFO 1 --- [bff] [main] .RepositoryConfigurationExtensionSupport : Spring Data Redis - Could not safely identify store assignment for repository candidate interface br.com.sebratel.bff.repository.radius.UltimaConexaoRepository; If you want this repository to be a Redis repository, consider annotating your entities with one of these annotations: org.springframework.data.redis.core.RedisHash (preferred), or consider extending one of the following types with your repository: org.springframework.data.keyvalue.repository.KeyValueRepository
2026-03-16T12:09:39.577Z  INFO 1 --- [bff] [main] .s.d.r.c.RepositoryConfigurationDelegate : Finished Spring Data repository scanning in 25 ms. Found 0 Redis repository interfaces.
2026-03-16T12:09:40.250Z  INFO 1 --- [bff] [main] o.s.b.w.embedded.tomcat.TomcatWebServer  : Tomcat initialized with port 8085 (http)
2026-03-16T12:09:40.268Z  INFO 1 --- [bff] [main] o.apache.catalina.core.StandardService   : Starting service [Tomcat]
2026-03-16T12:09:40.269Z  INFO 1 --- [bff] [main] o.apache.catalina.core.StandardEngine    : Starting Servlet engine: [Apache Tomcat/10.1.36]
2026-03-16T12:09:40.300Z  INFO 1 --- [bff] [main] o.a.c.c.C.[Tomcat].[localhost].[/]       : Initializing Spring embedded WebApplicationContext
2026-03-16T12:09:40.300Z  INFO 1 --- [bff] [main] w.s.c.ServletWebServerApplicationContext : Root WebApplicationContext: initialization completed in 1768 ms
2026-03-16T12:09:40.640Z  INFO 1 --- [bff] [main] com.zaxxer.hikari.HikariDataSource       : HikariPool-1 - Starting...
2026-03-16T12:09:40.941Z  INFO 1 --- [bff] [main] com.zaxxer.hikari.pool.HikariPool        : HikariPool-1 - Added connection org.postgresql.jdbc.PgConnection@1a3c4b3e
2026-03-16T12:09:40.943Z  INFO 1 --- [bff] [main] com.zaxxer.hikari.HikariDataSource       : HikariPool-1 - Start completed.
2026-03-16T12:09:40.975Z  INFO 1 --- [bff] [main] o.hibernate.jpa.internal.util.LogHelper  : HHH000204: Processing PersistenceUnitInfo [name: erp]
2026-03-16T12:09:41.006Z  INFO 1 --- [bff] [main] org.hibernate.Version                    : HHH000412: Hibernate ORM core version 6.6.8.Final
2026-03-16T12:09:41.026Z  INFO 1 --- [bff] [main] o.h.c.internal.RegionFactoryInitiator    : HHH000026: Second-level cache disabled
2026-03-16T12:09:41.194Z  INFO 1 --- [bff] [main] o.s.o.j.p.SpringPersistenceUnitInfo      : No LoadTimeWeaver setup: ignoring JPA class transformer
2026-03-16T12:09:41.246Z  WARN 1 --- [bff] [main] org.hibernate.orm.deprecation            : HHH90000025: PostgreSQLDialect does not need to be specified explicitly using 'hibernate.dialect' (remove the property setting and it will be selected by default)
2026-03-16T12:09:41.268Z  INFO 1 --- [bff] [main] org.hibernate.orm.connections.pooling    : HHH10001005: Database info:
	Database JDBC URL [Connecting through datasource 'HikariDataSource (HikariPool-1)']
	Database driver: undefined/unknown
	Database version: 13.3
	Autocommit mode: undefined/unknown
	Isolation level: undefined/unknown
	Minimum pool size: undefined/unknown
	Maximum pool size: undefined/unknown
2026-03-16T12:09:41.881Z  INFO 1 --- [bff] [main] o.h.e.t.j.p.i.JtaPlatformInitiator       : HHH000489: No JTA platform available (set 'hibernate.transaction.jta.platform' to enable JTA platform integration)
2026-03-16T12:09:41.884Z  INFO 1 --- [bff] [main] j.LocalContainerEntityManagerFactoryBean : Initialized JPA EntityManagerFactory for persistence unit 'erp'
2026-03-16T12:09:41.897Z  INFO 1 --- [bff] [main] o.hibernate.jpa.internal.util.LogHelper  : HHH000204: Processing PersistenceUnitInfo [name: radius]
2026-03-16T12:09:41.900Z  INFO 1 --- [bff] [main] o.h.c.internal.RegionFactoryInitiator    : HHH000026: Second-level cache disabled
2026-03-16T12:09:41.910Z  INFO 1 --- [bff] [main] o.s.o.j.p.SpringPersistenceUnitInfo      : No LoadTimeWeaver setup: ignoring JPA class transformer
2026-03-16T12:09:41.911Z  INFO 1 --- [bff] [main] com.zaxxer.hikari.HikariDataSource       : HikariPool-2 - Starting...
2026-03-16T12:09:41.960Z  INFO 1 --- [bff] [main] com.zaxxer.hikari.pool.HikariPool        : HikariPool-2 - Added connection org.postgresql.jdbc.PgConnection@384cd83a
2026-03-16T12:09:41.963Z  INFO 1 --- [bff] [main] com.zaxxer.hikari.HikariDataSource       : HikariPool-2 - Start completed.
2026-03-16T12:09:41.978Z  WARN 1 --- [bff] [main] org.hibernate.orm.deprecation            : HHH90000025: PostgreSQLDialect does not need to be specified explicitly using 'hibernate.dialect' (remove the property setting and it will be selected by default)
2026-03-16T12:09:41.986Z  INFO 1 --- [bff] [main] org.hibernate.orm.connections.pooling    : HHH10001005: Database info:
	Database JDBC URL [Connecting through datasource 'HikariDataSource (HikariPool-2)']
	Database driver: undefined/unknown
	Database version: 12.12
	Autocommit mode: undefined/unknown
	Isolation level: undefined/unknown
	Minimum pool size: undefined/unknown
	Maximum pool size: undefined/unknown
2026-03-16T12:09:42.054Z  INFO 1 --- [bff] [main] o.h.e.t.j.p.i.JtaPlatformInitiator       : HHH000489: No JTA platform available (set 'hibernate.transaction.jta.platform' to enable JTA platform integration)
2026-03-16T12:09:42.054Z  INFO 1 --- [bff] [main] j.LocalContainerEntityManagerFactoryBean : Initialized JPA EntityManagerFactory for persistence unit 'radius'
2026-03-16T12:09:42.067Z  INFO 1 --- [bff] [main] o.hibernate.jpa.internal.util.LogHelper  : HHH000204: Processing PersistenceUnitInfo [name: afetados]
2026-03-16T12:09:42.077Z  INFO 1 --- [bff] [main] o.h.c.internal.RegionFactoryInitiator    : HHH000026: Second-level cache disabled
2026-03-16T12:09:42.092Z  INFO 1 --- [bff] [main] o.s.o.j.p.SpringPersistenceUnitInfo      : No LoadTimeWeaver setup: ignoring JPA class transformer
2026-03-16T12:09:42.094Z  INFO 1 --- [bff] [main] com.zaxxer.hikari.HikariDataSource       : HikariPool-3 - Starting...
2026-03-16T12:09:42.156Z  INFO 1 --- [bff] [main] com.zaxxer.hikari.pool.HikariPool        : HikariPool-3 - Added connection org.mariadb.jdbc.Connection@539953af
2026-03-16T12:09:42.157Z  INFO 1 --- [bff] [main] com.zaxxer.hikari.HikariDataSource       : HikariPool-3 - Start completed.
2026-03-16T12:09:42.165Z  WARN 1 --- [bff] [main] org.hibernate.orm.deprecation            : HHH90000025: MariaDBDialect does not need to be specified explicitly using 'hibernate.dialect' (remove the property setting and it will be selected by default)
2026-03-16T12:09:42.169Z  INFO 1 --- [bff] [main] org.hibernate.orm.connections.pooling    : HHH10001005: Database info:
	Database JDBC URL [Connecting through datasource 'HikariDataSource (HikariPool-3)']
	Database driver: undefined/unknown
	Database version: 10.11.10
	Autocommit mode: undefined/unknown
	Isolation level: undefined/unknown
	Minimum pool size: undefined/unknown
	Maximum pool size: undefined/unknown
2026-03-16T12:09:42.210Z  INFO 1 --- [bff] [main] o.h.e.t.j.p.i.JtaPlatformInitiator       : HHH000489: No JTA platform available (set 'hibernate.transaction.jta.platform' to enable JTA platform integration)
2026-03-16T12:09:42.210Z  INFO 1 --- [bff] [main] j.LocalContainerEntityManagerFactoryBean : Initialized JPA EntityManagerFactory for persistence unit 'afetados'
2026-03-16T12:09:42.414Z  INFO 1 --- [bff] [main] o.s.d.j.r.query.QueryEnhancerFactory     : Hibernate is in classpath; If applicable, HQL parser will be used.
2026-03-16T12:09:43.133Z  WARN 1 --- [bff] [main] JpaBaseConfiguration$JpaWebConfiguration : spring.jpa.open-in-view is enabled by default. Therefore, database queries may be performed during view rendering. Explicitly configure spring.jpa.open-in-view to disable this warning
2026-03-16T12:09:43.158Z  INFO 1 --- [bff] [main] r$InitializeUserDetailsManagerConfigurer : Global AuthenticationManager configured with UserDetailsService bean with name inMemoryUserDetailsManager
2026-03-16T12:09:43.736Z  INFO 1 --- [bff] [main] o.s.b.w.embedded.tomcat.TomcatWebServer  : Tomcat started on port 8085 (http) with context path '/'
2026-03-16T12:09:43.745Z  INFO 1 --- [bff] [main] br.com.sebratel.bff.BffApplication       : Started BffApplication in 5.761 seconds (process running for 6.64)
2026-03-16T12:25:33.259Z  INFO 1 --- [bff] [SpringApplicationShutdownHook] o.s.b.w.e.tomcat.GracefulShutdown        : Commencing graceful shutdown. Waiting for active requests to complete
2026-03-16T12:25:33.413Z  INFO 1 --- [bff] [tomcat-shutdown] o.s.b.w.e.tomcat.GracefulShutdown        : Graceful shutdown complete
2026-03-16T12:25:37.104Z  INFO 1 --- [bff] [main] br.com.sebratel.bff.BffApplication       : Starting BffApplication v1.0.0-SNAPSHOT using Java 21.0.10 with PID 1 (/app/app.jar started by root in /app)
2026-03-16T12:25:37.107Z  INFO 1 --- [bff] [main] br.com.sebratel.bff.BffApplication       : No active profile set, falling back to 1 default profile: "default"
2026-03-16T12:25:37.845Z  INFO 1 --- [bff] [main] .s.d.r.c.RepositoryConfigurationDelegate : Multiple Spring Data modules found, entering strict repository configuration mode
2026-03-16T12:25:37.846Z  INFO 1 --- [bff] [main] .s.d.r.c.RepositoryConfigurationDelegate : Bootstrapping Spring Data JPA repositories in DEFAULT mode.
2026-03-16T12:25:37.974Z  INFO 1 --- [bff] [main] .s.d.r.c.RepositoryConfigurationDelegate : Finished Spring Data repository scanning in 120 ms. Found 15 JPA repository interfaces.
2026-03-16T12:25:37.976Z  INFO 1 --- [bff] [main] .s.d.r.c.RepositoryConfigurationDelegate : Multiple Spring Data modules found, entering strict repository configuration mode
2026-03-16T12:25:37.976Z  INFO 1 --- [bff] [main] .s.d.r.c.RepositoryConfigurationDelegate : Bootstrapping Spring Data JPA repositories in DEFAULT mode.
2026-03-16T12:25:37.990Z  INFO 1 --- [bff] [main] .s.d.r.c.RepositoryConfigurationDelegate : Finished Spring Data repository scanning in 10 ms. Found 5 JPA repository interfaces.
2026-03-16T12:25:37.992Z  INFO 1 --- [bff] [main] .s.d.r.c.RepositoryConfigurationDelegate : Multiple Spring Data modules found, entering strict repository configuration mode
2026-03-16T12:25:37.992Z  INFO 1 --- [bff] [main] .s.d.r.c.RepositoryConfigurationDelegate : Bootstrapping Spring Data JPA repositories in DEFAULT mode.
2026-03-16T12:25:38.000Z  INFO 1 --- [bff] [main] .s.d.r.c.RepositoryConfigurationDelegate : Finished Spring Data repository scanning in 6 ms. Found 1 JPA repository interface.
2026-03-16T12:25:38.312Z  INFO 1 --- [bff] [main] .s.d.r.c.RepositoryConfigurationDelegate : Multiple Spring Data modules found, entering strict repository configuration mode
2026-03-16T12:25:38.313Z  INFO 1 --- [bff] [main] .s.d.r.c.RepositoryConfigurationDelegate : Bootstrapping Spring Data Redis repositories in DEFAULT mode.
2026-03-16T12:25:38.341Z  INFO 1 --- [bff] [main] .RepositoryConfigurationExtensionSupport : Spring Data Redis - Could not safely identify store assignment for repository candidate interface br.com.sebratel.bff.repository.afetados.impl.UsuarioAfetadoJPARepository; If you want this repository to be a Redis repository, consider annotating your entities with one of these annotations: org.springframework.data.redis.core.RedisHash (preferred), or consider extending one of the following types with your repository: org.springframework.data.keyvalue.repository.KeyValueRepository
2026-03-16T12:25:38.342Z  INFO 1 --- [bff] [main] .RepositoryConfigurationExtensionSupport : Spring Data Redis - Could not safely identify store assignment for repository candidate interface br.com.sebratel.bff.repository.erp.AquisicaoRepository; If you want this repository to be a Redis repository, consider annotating your entities with one of these annotations: org.springframework.data.redis.core.RedisHash (preferred), or consider extending one of the following types with your repository: org.springframework.data.keyvalue.repository.KeyValueRepository
2026-03-16T12:25:38.342Z  INFO 1 --- [bff] [main] .RepositoryConfigurationExtensionSupport : Spring Data Redis - Could not safely identify store assignment for repository candidate interface br.com.sebratel.bff.repository.erp.ContractActivationRepository; If you want this repository to be a Redis repository, consider annotating your entities with one of these annotations: org.springframework.data.redis.core.RedisHash (preferred), or consider extending one of the following types with your repository: org.springframework.data.keyvalue.repository.KeyValueRepository
2026-03-16T12:25:38.342Z  INFO 1 --- [bff] [main] .RepositoryConfigurationExtensionSupport : Spring Data Redis - Could not safely identify store assignment for repository candidate interface br.com.sebratel.bff.repository.erp.ContractPaymentRepository; If you want this repository to be a Redis repository, consider annotating your entities with one of these annotations: org.springframework.data.redis.core.RedisHash (preferred), or consider extending one of the following types with your repository: org.springframework.data.keyvalue.repository.KeyValueRepository
2026-03-16T12:25:38.342Z  INFO 1 --- [bff] [main] .RepositoryConfigurationExtensionSupport : Spring Data Redis - Could not safely identify store assignment for repository candidate interface br.com.sebratel.bff.repository.erp.ContratoAtivacaoFaturaRepository; If you want this repository to be a Redis repository, consider annotating your entities with one of these annotations: org.springframework.data.redis.core.RedisHash (preferred), or consider extending one of the following types with your repository: org.springframework.data.keyvalue.repository.KeyValueRepository
2026-03-16T12:25:38.342Z  INFO 1 --- [bff] [main] .RepositoryConfigurationExtensionSupport : Spring Data Redis - Could not safely identify store assignment for repository candidate interface br.com.sebratel.bff.repository.erp.ContratoBloqueadoRepository; If you want this repository to be a Redis repository, consider annotating your entities with one of these annotations: org.springframework.data.redis.core.RedisHash (preferred), or consider extending one of the following types with your repository: org.springframework.data.keyvalue.repository.KeyValueRepository
2026-03-16T12:25:38.343Z  INFO 1 --- [bff] [main] .RepositoryConfigurationExtensionSupport : Spring Data Redis - Could not safely identify store assignment for repository candidate interface br.com.sebratel.bff.repository.erp.ContratoSemFaturaRepository; If you want this repository to be a Redis repository, consider annotating your entities with one of these annotations: org.springframework.data.redis.core.RedisHash (preferred), or consider extending one of the following types with your repository: org.springframework.data.keyvalue.repository.KeyValueRepository
2026-03-16T12:25:38.344Z  INFO 1 --- [bff] [main] .RepositoryConfigurationExtensionSupport : Spring Data Redis - Could not safely identify store assignment for repository candidate interface br.com.sebratel.bff.repository.erp.EstoqueRepository; If you want this repository to be a Redis repository, consider annotating your entities with one of these annotations: org.springframework.data.redis.core.RedisHash (preferred), or consider extending one of the following types with your repository: org.springframework.data.keyvalue.repository.KeyValueRepository
2026-03-16T12:25:38.344Z  INFO 1 --- [bff] [main] .RepositoryConfigurationExtensionSupport : Spring Data Redis - Could not safely identify store assignment for repository candidate interface br.com.sebratel.bff.repository.erp.MovimentacaoEstoqueRepository; If you want this repository to be a Redis repository, consider annotating your entities with one of these annotations: org.springframework.data.redis.core.RedisHash (preferred), or consider extending one of the following types with your repository: org.springframework.data.keyvalue.repository.KeyValueRepository
2026-03-16T12:25:38.344Z  INFO 1 --- [bff] [main] .RepositoryConfigurationExtensionSupport : Spring Data Redis - Could not safely identify store assignment for repository candidate interface br.com.sebratel.bff.repository.erp.PatrimonioPendenteRepository; If you want this repository to be a Redis repository, consider annotating your entities with one of these annotations: org.springframework.data.redis.core.RedisHash (preferred), or consider extending one of the following types with your repository: org.springframework.data.keyvalue.repository.KeyValueRepository
2026-03-16T12:25:38.344Z  INFO 1 --- [bff] [main] .RepositoryConfigurationExtensionSupport : Spring Data Redis - Could not safely identify store assignment for repository candidate interface br.com.sebratel.bff.repository.erp.PlanoRepository; If you want this repository to be a Redis repository, consider annotating your entities with one of these annotations: org.springframework.data.redis.core.RedisHash (preferred), or consider extending one of the following types with your repository: org.springframework.data.keyvalue.repository.KeyValueRepository
2026-03-16T12:25:38.344Z  INFO 1 --- [bff] [main] .RepositoryConfigurationExtensionSupport : Spring Data Redis - Could not safely identify store assignment for repository candidate interface br.com.sebratel.bff.repository.erp.RecuperarTodasAsMassivasPeloBancoRepository; If you want this repository to be a Redis repository, consider annotating your entities with one of these annotations: org.springframework.data.redis.core.RedisHash (preferred), or consider extending one of the following types with your repository: org.springframework.data.keyvalue.repository.KeyValueRepository
2026-03-16T12:25:38.344Z  INFO 1 --- [bff] [main] .RepositoryConfigurationExtensionSupport : Spring Data Redis - Could not safely identify store assignment for repository candidate interface br.com.sebratel.bff.repository.erp.RelatorioClienteNomeDuplicadoRepository; If you want this repository to be a Redis repository, consider annotating your entities with one of these annotations: org.springframework.data.redis.core.RedisHash (preferred), or consider extending one of the following types with your repository: org.springframework.data.keyvalue.repository.KeyValueRepository
2026-03-16T12:25:38.345Z  INFO 1 --- [bff] [main] .RepositoryConfigurationExtensionSupport : Spring Data Redis - Could not safely identify store assignment for repository candidate interface br.com.sebratel.bff.repository.erp.VendedoresAtivosRepository; If you want this repository to be a Redis repository, consider annotating your entities with one of these annotations: org.springframework.data.redis.core.RedisHash (preferred), or consider extending one of the following types with your repository: org.springframework.data.keyvalue.repository.KeyValueRepository
2026-03-16T12:25:38.345Z  INFO 1 --- [bff] [main] .RepositoryConfigurationExtensionSupport : Spring Data Redis - Could not safely identify store assignment for repository candidate interface br.com.sebratel.bff.repository.erp.comercial.ContratoPersonalizadoRepository; If you want this repository to be a Redis repository, consider annotating your entities with one of these annotations: org.springframework.data.redis.core.RedisHash (preferred), or consider extending one of the following types with your repository: org.springframework.data.keyvalue.repository.KeyValueRepository
2026-03-16T12:25:38.345Z  INFO 1 --- [bff] [main] .RepositoryConfigurationExtensionSupport : Spring Data Redis - Could not safely identify store assignment for repository candidate interface br.com.sebratel.bff.repository.erp.comercial.RelatorioPlanilhaRepository; If you want this repository to be a Redis repository, consider annotating your entities with one of these annotations: org.springframework.data.redis.core.RedisHash (preferred), or consider extending one of the following types with your repository: org.springframework.data.keyvalue.repository.KeyValueRepository
2026-03-16T12:25:38.346Z  INFO 1 --- [bff] [main] .RepositoryConfigurationExtensionSupport : Spring Data Redis - Could not safely identify store assignment for repository candidate interface br.com.sebratel.bff.repository.radius.ConsumoRepository; If you want this repository to be a Redis repository, consider annotating your entities with one of these annotations: org.springframework.data.redis.core.RedisHash (preferred), or consider extending one of the following types with your repository: org.springframework.data.keyvalue.repository.KeyValueRepository
2026-03-16T12:25:38.346Z  INFO 1 --- [bff] [main] .RepositoryConfigurationExtensionSupport : Spring Data Redis - Could not safely identify store assignment for repository candidate interface br.com.sebratel.bff.repository.radius.DuplicateCallingStationRepository; If you want this repository to be a Redis repository, consider annotating your entities with one of these annotations: org.springframework.data.redis.core.RedisHash (preferred), or consider extending one of the following types with your repository: org.springframework.data.keyvalue.repository.KeyValueRepository
2026-03-16T12:25:38.346Z  INFO 1 --- [bff] [main] .RepositoryConfigurationExtensionSupport : Spring Data Redis - Could not safely identify store assignment for repository candidate interface br.com.sebratel.bff.repository.radius.DuplicatePrefixRepository; If you want this repository to be a Redis repository, consider annotating your entities with one of these annotations: org.springframework.data.redis.core.RedisHash (preferred), or consider extending one of the following types with your repository: org.springframework.data.keyvalue.repository.KeyValueRepository
2026-03-16T12:25:38.346Z  INFO 1 --- [bff] [main] .RepositoryConfigurationExtensionSupport : Spring Data Redis - Could not safely identify store assignment for repository candidate interface br.com.sebratel.bff.repository.radius.FirstAuthenticationRepository; If you want this repository to be a Redis repository, consider annotating your entities with one of these annotations: org.springframework.data.redis.core.RedisHash (preferred), or consider extending one of the following types with your repository: org.springframework.data.keyvalue.repository.KeyValueRepository
2026-03-16T12:25:38.346Z  INFO 1 --- [bff] [main] .RepositoryConfigurationExtensionSupport : Spring Data Redis - Could not safely identify store assignment for repository candidate interface br.com.sebratel.bff.repository.radius.UltimaConexaoRepository; If you want this repository to be a Redis repository, consider annotating your entities with one of these annotations: org.springframework.data.redis.core.RedisHash (preferred), or consider extending one of the following types with your repository: org.springframework.data.keyvalue.repository.KeyValueRepository
2026-03-16T12:25:38.347Z  INFO 1 --- [bff] [main] .s.d.r.c.RepositoryConfigurationDelegate : Finished Spring Data repository scanning in 20 ms. Found 0 Redis repository interfaces.
2026-03-16T12:25:39.106Z  INFO 1 --- [bff] [main] o.s.b.w.embedded.tomcat.TomcatWebServer  : Tomcat initialized with port 8085 (http)
2026-03-16T12:25:39.119Z  INFO 1 --- [bff] [main] o.apache.catalina.core.StandardService   : Starting service [Tomcat]
2026-03-16T12:25:39.120Z  INFO 1 --- [bff] [main] o.apache.catalina.core.StandardEngine    : Starting Servlet engine: [Apache Tomcat/10.1.36]
2026-03-16T12:25:39.153Z  INFO 1 --- [bff] [main] o.a.c.c.C.[Tomcat].[localhost].[/]       : Initializing Spring embedded WebApplicationContext
2026-03-16T12:25:39.153Z  INFO 1 --- [bff] [main] w.s.c.ServletWebServerApplicationContext : Root WebApplicationContext: initialization completed in 1993 ms
2026-03-16T12:25:39.548Z  INFO 1 --- [bff] [main] com.zaxxer.hikari.HikariDataSource       : HikariPool-1 - Starting...
2026-03-16T12:25:39.896Z  INFO 1 --- [bff] [main] com.zaxxer.hikari.pool.HikariPool        : HikariPool-1 - Added connection org.postgresql.jdbc.PgConnection@b267745
2026-03-16T12:25:39.897Z  INFO 1 --- [bff] [main] com.zaxxer.hikari.HikariDataSource       : HikariPool-1 - Start completed.
2026-03-16T12:25:39.945Z  INFO 1 --- [bff] [main] o.hibernate.jpa.internal.util.LogHelper  : HHH000204: Processing PersistenceUnitInfo [name: erp]
2026-03-16T12:25:39.978Z  INFO 1 --- [bff] [main] org.hibernate.Version                    : HHH000412: Hibernate ORM core version 6.6.8.Final
2026-03-16T12:25:40.001Z  INFO 1 --- [bff] [main] o.h.c.internal.RegionFactoryInitiator    : HHH000026: Second-level cache disabled
2026-03-16T12:25:40.203Z  INFO 1 --- [bff] [main] o.s.o.j.p.SpringPersistenceUnitInfo      : No LoadTimeWeaver setup: ignoring JPA class transformer
2026-03-16T12:25:40.249Z  WARN 1 --- [bff] [main] org.hibernate.orm.deprecation            : HHH90000025: PostgreSQLDialect does not need to be specified explicitly using 'hibernate.dialect' (remove the property setting and it will be selected by default)
2026-03-16T12:25:40.266Z  INFO 1 --- [bff] [main] org.hibernate.orm.connections.pooling    : HHH10001005: Database info:
	Database JDBC URL [Connecting through datasource 'HikariDataSource (HikariPool-1)']
	Database driver: undefined/unknown
	Database version: 13.3
	Autocommit mode: undefined/unknown
	Isolation level: undefined/unknown
	Minimum pool size: undefined/unknown
	Maximum pool size: undefined/unknown
2026-03-16T12:25:40.932Z  INFO 1 --- [bff] [main] o.h.e.t.j.p.i.JtaPlatformInitiator       : HHH000489: No JTA platform available (set 'hibernate.transaction.jta.platform' to enable JTA platform integration)
2026-03-16T12:25:40.935Z  INFO 1 --- [bff] [main] j.LocalContainerEntityManagerFactoryBean : Initialized JPA EntityManagerFactory for persistence unit 'erp'
2026-03-16T12:25:40.948Z  INFO 1 --- [bff] [main] o.hibernate.jpa.internal.util.LogHelper  : HHH000204: Processing PersistenceUnitInfo [name: radius]
2026-03-16T12:25:40.950Z  INFO 1 --- [bff] [main] o.h.c.internal.RegionFactoryInitiator    : HHH000026: Second-level cache disabled
2026-03-16T12:25:40.960Z  INFO 1 --- [bff] [main] o.s.o.j.p.SpringPersistenceUnitInfo      : No LoadTimeWeaver setup: ignoring JPA class transformer
2026-03-16T12:25:40.963Z  INFO 1 --- [bff] [main] com.zaxxer.hikari.HikariDataSource       : HikariPool-2 - Starting...
2026-03-16T12:25:41.016Z  INFO 1 --- [bff] [main] com.zaxxer.hikari.pool.HikariPool        : HikariPool-2 - Added connection org.postgresql.jdbc.PgConnection@6b83ec49
2026-03-16T12:25:41.017Z  INFO 1 --- [bff] [main] com.zaxxer.hikari.HikariDataSource       : HikariPool-2 - Start completed.
2026-03-16T12:25:41.030Z  WARN 1 --- [bff] [main] org.hibernate.orm.deprecation            : HHH90000025: PostgreSQLDialect does not need to be specified explicitly using 'hibernate.dialect' (remove the property setting and it will be selected by default)
2026-03-16T12:25:41.038Z  INFO 1 --- [bff] [main] org.hibernate.orm.connections.pooling    : HHH10001005: Database info:
	Database JDBC URL [Connecting through datasource 'HikariDataSource (HikariPool-2)']
	Database driver: undefined/unknown
	Database version: 12.12
	Autocommit mode: undefined/unknown
	Isolation level: undefined/unknown
	Minimum pool size: undefined/unknown
	Maximum pool size: undefined/unknown
2026-03-16T12:25:41.096Z  INFO 1 --- [bff] [main] o.h.e.t.j.p.i.JtaPlatformInitiator       : HHH000489: No JTA platform available (set 'hibernate.transaction.jta.platform' to enable JTA platform integration)
2026-03-16T12:25:41.096Z  INFO 1 --- [bff] [main] j.LocalContainerEntityManagerFactoryBean : Initialized JPA EntityManagerFactory for persistence unit 'radius'
2026-03-16T12:25:41.103Z  INFO 1 --- [bff] [main] o.hibernate.jpa.internal.util.LogHelper  : HHH000204: Processing PersistenceUnitInfo [name: afetados]
2026-03-16T12:25:41.107Z  INFO 1 --- [bff] [main] o.h.c.internal.RegionFactoryInitiator    : HHH000026: Second-level cache disabled
2026-03-16T12:25:41.113Z  INFO 1 --- [bff] [main] o.s.o.j.p.SpringPersistenceUnitInfo      : No LoadTimeWeaver setup: ignoring JPA class transformer
2026-03-16T12:25:41.115Z  INFO 1 --- [bff] [main] com.zaxxer.hikari.HikariDataSource       : HikariPool-3 - Starting...
2026-03-16T12:25:41.183Z  INFO 1 --- [bff] [main] com.zaxxer.hikari.pool.HikariPool        : HikariPool-3 - Added connection org.mariadb.jdbc.Connection@72fc6b5e
2026-03-16T12:25:41.183Z  INFO 1 --- [bff] [main] com.zaxxer.hikari.HikariDataSource       : HikariPool-3 - Start completed.
2026-03-16T12:25:41.193Z  WARN 1 --- [bff] [main] org.hibernate.orm.deprecation            : HHH90000025: MariaDBDialect does not need to be specified explicitly using 'hibernate.dialect' (remove the property setting and it will be selected by default)
2026-03-16T12:25:41.198Z  INFO 1 --- [bff] [main] org.hibernate.orm.connections.pooling    : HHH10001005: Database info:
	Database JDBC URL [Connecting through datasource 'HikariDataSource (HikariPool-3)']
	Database driver: undefined/unknown
	Database version: 10.11.10
	Autocommit mode: undefined/unknown
	Isolation level: undefined/unknown
	Minimum pool size: undefined/unknown
	Maximum pool size: undefined/unknown
2026-03-16T12:25:41.241Z  INFO 1 --- [bff] [main] o.h.e.t.j.p.i.JtaPlatformInitiator       : HHH000489: No JTA platform available (set 'hibernate.transaction.jta.platform' to enable JTA platform integration)
2026-03-16T12:25:41.242Z  INFO 1 --- [bff] [main] j.LocalContainerEntityManagerFactoryBean : Initialized JPA EntityManagerFactory for persistence unit 'afetados'
2026-03-16T12:25:41.460Z  INFO 1 --- [bff] [main] o.s.d.j.r.query.QueryEnhancerFactory     : Hibernate is in classpath; If applicable, HQL parser will be used.
2026-03-16T12:25:42.121Z  WARN 1 --- [bff] [main] JpaBaseConfiguration$JpaWebConfiguration : spring.jpa.open-in-view is enabled by default. Therefore, database queries may be performed during view rendering. Explicitly configure spring.jpa.open-in-view to disable this warning
2026-03-16T12:25:42.151Z  INFO 1 --- [bff] [main] r$InitializeUserDetailsManagerConfigurer : Global AuthenticationManager configured with UserDetailsService bean with name inMemoryUserDetailsManager
2026-03-16T12:25:42.758Z  INFO 1 --- [bff] [main] o.s.b.w.embedded.tomcat.TomcatWebServer  : Tomcat started on port 8085 (http) with context path '/'
2026-03-16T12:25:42.767Z  INFO 1 --- [bff] [main] br.com.sebratel.bff.BffApplication       : Started BffApplication in 6.23 seconds (process running for 7.878)
2026-03-16T12:26:41.079Z  INFO 1 --- [bff] [SpringApplicationShutdownHook] o.s.b.w.e.tomcat.GracefulShutdown        : Commencing graceful shutdown. Waiting for active requests to complete
2026-03-16T12:26:41.085Z  INFO 1 --- [bff] [tomcat-shutdown] o.s.b.w.e.tomcat.GracefulShutdown        : Graceful shutdown complete
2026-03-16T12:28:05.147Z  INFO 1 --- [bff] [main] br.com.sebratel.bff.BffApplication       : Starting BffApplication v1.0.0-SNAPSHOT using Java 21.0.10 with PID 1 (/app/app.jar started by root in /app)
2026-03-16T12:28:05.151Z  INFO 1 --- [bff] [main] br.com.sebratel.bff.BffApplication       : No active profile set, falling back to 1 default profile: "default"
2026-03-16T12:28:06.077Z  INFO 1 --- [bff] [main] .s.d.r.c.RepositoryConfigurationDelegate : Multiple Spring Data modules found, entering strict repository configuration mode
2026-03-16T12:28:06.078Z  INFO 1 --- [bff] [main] .s.d.r.c.RepositoryConfigurationDelegate : Bootstrapping Spring Data JPA repositories in DEFAULT mode.
2026-03-16T12:28:06.197Z  INFO 1 --- [bff] [main] .s.d.r.c.RepositoryConfigurationDelegate : Finished Spring Data repository scanning in 110 ms. Found 15 JPA repository interfaces.
2026-03-16T12:28:06.198Z  INFO 1 --- [bff] [main] .s.d.r.c.RepositoryConfigurationDelegate : Multiple Spring Data modules found, entering strict repository configuration mode
2026-03-16T12:28:06.198Z  INFO 1 --- [bff] [main] .s.d.r.c.RepositoryConfigurationDelegate : Bootstrapping Spring Data JPA repositories in DEFAULT mode.
2026-03-16T12:28:06.211Z  INFO 1 --- [bff] [main] .s.d.r.c.RepositoryConfigurationDelegate : Finished Spring Data repository scanning in 11 ms. Found 5 JPA repository interfaces.
2026-03-16T12:28:06.213Z  INFO 1 --- [bff] [main] .s.d.r.c.RepositoryConfigurationDelegate : Multiple Spring Data modules found, entering strict repository configuration mode
2026-03-16T12:28:06.214Z  INFO 1 --- [bff] [main] .s.d.r.c.RepositoryConfigurationDelegate : Bootstrapping Spring Data JPA repositories in DEFAULT mode.
2026-03-16T12:28:06.225Z  INFO 1 --- [bff] [main] .s.d.r.c.RepositoryConfigurationDelegate : Finished Spring Data repository scanning in 9 ms. Found 1 JPA repository interface.
2026-03-16T12:28:06.571Z  INFO 1 --- [bff] [main] .s.d.r.c.RepositoryConfigurationDelegate : Multiple Spring Data modules found, entering strict repository configuration mode
2026-03-16T12:28:06.573Z  INFO 1 --- [bff] [main] .s.d.r.c.RepositoryConfigurationDelegate : Bootstrapping Spring Data Redis repositories in DEFAULT mode.
2026-03-16T12:28:06.601Z  INFO 1 --- [bff] [main] .RepositoryConfigurationExtensionSupport : Spring Data Redis - Could not safely identify store assignment for repository candidate interface br.com.sebratel.bff.repository.afetados.impl.UsuarioAfetadoJPARepository; If you want this repository to be a Redis repository, consider annotating your entities with one of these annotations: org.springframework.data.redis.core.RedisHash (preferred), or consider extending one of the following types with your repository: org.springframework.data.keyvalue.repository.KeyValueRepository
2026-03-16T12:28:06.602Z  INFO 1 --- [bff] [main] .RepositoryConfigurationExtensionSupport : Spring Data Redis - Could not safely identify store assignment for repository candidate interface br.com.sebratel.bff.repository.erp.AquisicaoRepository; If you want this repository to be a Redis repository, consider annotating your entities with one of these annotations: org.springframework.data.redis.core.RedisHash (preferred), or consider extending one of the following types with your repository: org.springframework.data.keyvalue.repository.KeyValueRepository
2026-03-16T12:28:06.603Z  INFO 1 --- [bff] [main] .RepositoryConfigurationExtensionSupport : Spring Data Redis - Could not safely identify store assignment for repository candidate interface br.com.sebratel.bff.repository.erp.ContractActivationRepository; If you want this repository to be a Redis repository, consider annotating your entities with one of these annotations: org.springframework.data.redis.core.RedisHash (preferred), or consider extending one of the following types with your repository: org.springframework.data.keyvalue.repository.KeyValueRepository
2026-03-16T12:28:06.603Z  INFO 1 --- [bff] [main] .RepositoryConfigurationExtensionSupport : Spring Data Redis - Could not safely identify store assignment for repository candidate interface br.com.sebratel.bff.repository.erp.ContractPaymentRepository; If you want this repository to be a Redis repository, consider annotating your entities with one of these annotations: org.springframework.data.redis.core.RedisHash (preferred), or consider extending one of the following types with your repository: org.springframework.data.keyvalue.repository.KeyValueRepository
2026-03-16T12:28:06.603Z  INFO 1 --- [bff] [main] .RepositoryConfigurationExtensionSupport : Spring Data Redis - Could not safely identify store assignment for repository candidate interface br.com.sebratel.bff.repository.erp.ContratoAtivacaoFaturaRepository; If you want this repository to be a Redis repository, consider annotating your entities with one of these annotations: org.springframework.data.redis.core.RedisHash (preferred), or consider extending one of the following types with your repository: org.springframework.data.keyvalue.repository.KeyValueRepository
2026-03-16T12:28:06.604Z  INFO 1 --- [bff] [main] .RepositoryConfigurationExtensionSupport : Spring Data Redis - Could not safely identify store assignment for repository candidate interface br.com.sebratel.bff.repository.erp.ContratoBloqueadoRepository; If you want this repository to be a Redis repository, consider annotating your entities with one of these annotations: org.springframework.data.redis.core.RedisHash (preferred), or consider extending one of the following types with your repository: org.springframework.data.keyvalue.repository.KeyValueRepository
2026-03-16T12:28:06.604Z  INFO 1 --- [bff] [main] .RepositoryConfigurationExtensionSupport : Spring Data Redis - Could not safely identify store assignment for repository candidate interface br.com.sebratel.bff.repository.erp.ContratoSemFaturaRepository; If you want this repository to be a Redis repository, consider annotating your entities with one of these annotations: org.springframework.data.redis.core.RedisHash (preferred), or consider extending one of the following types with your repository: org.springframework.data.keyvalue.repository.KeyValueRepository
2026-03-16T12:28:06.604Z  INFO 1 --- [bff] [main] .RepositoryConfigurationExtensionSupport : Spring Data Redis - Could not safely identify store assignment for repository candidate interface br.com.sebratel.bff.repository.erp.EstoqueRepository; If you want this repository to be a Redis repository, consider annotating your entities with one of these annotations: org.springframework.data.redis.core.RedisHash (preferred), or consider extending one of the following types with your repository: org.springframework.data.keyvalue.repository.KeyValueRepository
2026-03-16T12:28:06.605Z  INFO 1 --- [bff] [main] .RepositoryConfigurationExtensionSupport : Spring Data Redis - Could not safely identify store assignment for repository candidate interface br.com.sebratel.bff.repository.erp.MovimentacaoEstoqueRepository; If you want this repository to be a Redis repository, consider annotating your entities with one of these annotations: org.springframework.data.redis.core.RedisHash (preferred), or consider extending one of the following types with your repository: org.springframework.data.keyvalue.repository.KeyValueRepository
2026-03-16T12:28:06.605Z  INFO 1 --- [bff] [main] .RepositoryConfigurationExtensionSupport : Spring Data Redis - Could not safely identify store assignment for repository candidate interface br.com.sebratel.bff.repository.erp.PatrimonioPendenteRepository; If you want this repository to be a Redis repository, consider annotating your entities with one of these annotations: org.springframework.data.redis.core.RedisHash (preferred), or consider extending one of the following types with your repository: org.springframework.data.keyvalue.repository.KeyValueRepository
2026-03-16T12:28:06.605Z  INFO 1 --- [bff] [main] .RepositoryConfigurationExtensionSupport : Spring Data Redis - Could not safely identify store assignment for repository candidate interface br.com.sebratel.bff.repository.erp.PlanoRepository; If you want this repository to be a Redis repository, consider annotating your entities with one of these annotations: org.springframework.data.redis.core.RedisHash (preferred), or consider extending one of the following types with your repository: org.springframework.data.keyvalue.repository.KeyValueRepository
2026-03-16T12:28:06.605Z  INFO 1 --- [bff] [main] .RepositoryConfigurationExtensionSupport : Spring Data Redis - Could not safely identify store assignment for repository candidate interface br.com.sebratel.bff.repository.erp.RecuperarTodasAsMassivasPeloBancoRepository; If you want this repository to be a Redis repository, consider annotating your entities with one of these annotations: org.springframework.data.redis.core.RedisHash (preferred), or consider extending one of the following types with your repository: org.springframework.data.keyvalue.repository.KeyValueRepository
2026-03-16T12:28:06.605Z  INFO 1 --- [bff] [main] .RepositoryConfigurationExtensionSupport : Spring Data Redis - Could not safely identify store assignment for repository candidate interface br.com.sebratel.bff.repository.erp.RelatorioClienteNomeDuplicadoRepository; If you want this repository to be a Redis repository, consider annotating your entities with one of these annotations: org.springframework.data.redis.core.RedisHash (preferred), or consider extending one of the following types with your repository: org.springframework.data.keyvalue.repository.KeyValueRepository
2026-03-16T12:28:06.606Z  INFO 1 --- [bff] [main] .RepositoryConfigurationExtensionSupport : Spring Data Redis - Could not safely identify store assignment for repository candidate interface br.com.sebratel.bff.repository.erp.VendedoresAtivosRepository; If you want this repository to be a Redis repository, consider annotating your entities with one of these annotations: org.springframework.data.redis.core.RedisHash (preferred), or consider extending one of the following types with your repository: org.springframework.data.keyvalue.repository.KeyValueRepository
2026-03-16T12:28:06.606Z  INFO 1 --- [bff] [main] .RepositoryConfigurationExtensionSupport : Spring Data Redis - Could not safely identify store assignment for repository candidate interface br.com.sebratel.bff.repository.erp.comercial.ContratoPersonalizadoRepository; If you want this repository to be a Redis repository, consider annotating your entities with one of these annotations: org.springframework.data.redis.core.RedisHash (preferred), or consider extending one of the following types with your repository: org.springframework.data.keyvalue.repository.KeyValueRepository
2026-03-16T12:28:06.606Z  INFO 1 --- [bff] [main] .RepositoryConfigurationExtensionSupport : Spring Data Redis - Could not safely identify store assignment for repository candidate interface br.com.sebratel.bff.repository.erp.comercial.RelatorioPlanilhaRepository; If you want this repository to be a Redis repository, consider annotating your entities with one of these annotations: org.springframework.data.redis.core.RedisHash (preferred), or consider extending one of the following types with your repository: org.springframework.data.keyvalue.repository.KeyValueRepository
2026-03-16T12:28:06.606Z  INFO 1 --- [bff] [main] .RepositoryConfigurationExtensionSupport : Spring Data Redis - Could not safely identify store assignment for repository candidate interface br.com.sebratel.bff.repository.radius.ConsumoRepository; If you want this repository to be a Redis repository, consider annotating your entities with one of these annotations: org.springframework.data.redis.core.RedisHash (preferred), or consider extending one of the following types with your repository: org.springframework.data.keyvalue.repository.KeyValueRepository
2026-03-16T12:28:06.607Z  INFO 1 --- [bff] [main] .RepositoryConfigurationExtensionSupport : Spring Data Redis - Could not safely identify store assignment for repository candidate interface br.com.sebratel.bff.repository.radius.DuplicateCallingStationRepository; If you want this repository to be a Redis repository, consider annotating your entities with one of these annotations: org.springframework.data.redis.core.RedisHash (preferred), or consider extending one of the following types with your repository: org.springframework.data.keyvalue.repository.KeyValueRepository
2026-03-16T12:28:06.607Z  INFO 1 --- [bff] [main] .RepositoryConfigurationExtensionSupport : Spring Data Redis - Could not safely identify store assignment for repository candidate interface br.com.sebratel.bff.repository.radius.DuplicatePrefixRepository; If you want this repository to be a Redis repository, consider annotating your entities with one of these annotations: org.springframework.data.redis.core.RedisHash (preferred), or consider extending one of the following types with your repository: org.springframework.data.keyvalue.repository.KeyValueRepository
2026-03-16T12:28:06.608Z  INFO 1 --- [bff] [main] .RepositoryConfigurationExtensionSupport : Spring Data Redis - Could not safely identify store assignment for repository candidate interface br.com.sebratel.bff.repository.radius.FirstAuthenticationRepository; If you want this repository to be a Redis repository, consider annotating your entities with one of these annotations: org.springframework.data.redis.core.RedisHash (preferred), or consider extending one of the following types with your repository: org.springframework.data.keyvalue.repository.KeyValueRepository
2026-03-16T12:28:06.608Z  INFO 1 --- [bff] [main] .RepositoryConfigurationExtensionSupport : Spring Data Redis - Could not safely identify store assignment for repository candidate interface br.com.sebratel.bff.repository.radius.UltimaConexaoRepository; If you want this repository to be a Redis repository, consider annotating your entities with one of these annotations: org.springframework.data.redis.core.RedisHash (preferred), or consider extending one of the following types with your repository: org.springframework.data.keyvalue.repository.KeyValueRepository
2026-03-16T12:28:06.608Z  INFO 1 --- [bff] [main] .s.d.r.c.RepositoryConfigurationDelegate : Finished Spring Data repository scanning in 22 ms. Found 0 Redis repository interfaces.
2026-03-16T12:28:07.403Z  INFO 1 --- [bff] [main] o.s.b.w.embedded.tomcat.TomcatWebServer  : Tomcat initialized with port 8085 (http)
2026-03-16T12:28:07.417Z  INFO 1 --- [bff] [main] o.apache.catalina.core.StandardService   : Starting service [Tomcat]
2026-03-16T12:28:07.417Z  INFO 1 --- [bff] [main] o.apache.catalina.core.StandardEngine    : Starting Servlet engine: [Apache Tomcat/10.1.36]
2026-03-16T12:28:07.447Z  INFO 1 --- [bff] [main] o.a.c.c.C.[Tomcat].[localhost].[/]       : Initializing Spring embedded WebApplicationContext
2026-03-16T12:28:07.448Z  INFO 1 --- [bff] [main] w.s.c.ServletWebServerApplicationContext : Root WebApplicationContext: initialization completed in 2215 ms
2026-03-16T12:28:07.784Z  INFO 1 --- [bff] [main] com.zaxxer.hikari.HikariDataSource       : HikariPool-1 - Starting...
2026-03-16T12:28:08.054Z  INFO 1 --- [bff] [main] com.zaxxer.hikari.pool.HikariPool        : HikariPool-1 - Added connection org.postgresql.jdbc.PgConnection@31e22365
2026-03-16T12:28:08.055Z  INFO 1 --- [bff] [main] com.zaxxer.hikari.HikariDataSource       : HikariPool-1 - Start completed.
2026-03-16T12:28:08.097Z  INFO 1 --- [bff] [main] o.hibernate.jpa.internal.util.LogHelper  : HHH000204: Processing PersistenceUnitInfo [name: erp]
2026-03-16T12:28:08.134Z  INFO 1 --- [bff] [main] org.hibernate.Version                    : HHH000412: Hibernate ORM core version 6.6.8.Final
2026-03-16T12:28:08.156Z  INFO 1 --- [bff] [main] o.h.c.internal.RegionFactoryInitiator    : HHH000026: Second-level cache disabled
2026-03-16T12:28:08.324Z  INFO 1 --- [bff] [main] o.s.o.j.p.SpringPersistenceUnitInfo      : No LoadTimeWeaver setup: ignoring JPA class transformer
2026-03-16T12:28:08.367Z  WARN 1 --- [bff] [main] org.hibernate.orm.deprecation            : HHH90000025: PostgreSQLDialect does not need to be specified explicitly using 'hibernate.dialect' (remove the property setting and it will be selected by default)
2026-03-16T12:28:08.383Z  INFO 1 --- [bff] [main] org.hibernate.orm.connections.pooling    : HHH10001005: Database info:
	Database JDBC URL [Connecting through datasource 'HikariDataSource (HikariPool-1)']
	Database driver: undefined/unknown
	Database version: 13.3
	Autocommit mode: undefined/unknown
	Isolation level: undefined/unknown
	Minimum pool size: undefined/unknown
	Maximum pool size: undefined/unknown
2026-03-16T12:28:08.976Z  INFO 1 --- [bff] [main] o.h.e.t.j.p.i.JtaPlatformInitiator       : HHH000489: No JTA platform available (set 'hibernate.transaction.jta.platform' to enable JTA platform integration)
2026-03-16T12:28:08.979Z  INFO 1 --- [bff] [main] j.LocalContainerEntityManagerFactoryBean : Initialized JPA EntityManagerFactory for persistence unit 'erp'
2026-03-16T12:28:08.989Z  INFO 1 --- [bff] [main] o.hibernate.jpa.internal.util.LogHelper  : HHH000204: Processing PersistenceUnitInfo [name: radius]
2026-03-16T12:28:08.992Z  INFO 1 --- [bff] [main] o.h.c.internal.RegionFactoryInitiator    : HHH000026: Second-level cache disabled
2026-03-16T12:28:09.000Z  INFO 1 --- [bff] [main] o.s.o.j.p.SpringPersistenceUnitInfo      : No LoadTimeWeaver setup: ignoring JPA class transformer
2026-03-16T12:28:09.001Z  INFO 1 --- [bff] [main] com.zaxxer.hikari.HikariDataSource       : HikariPool-2 - Starting...
2026-03-16T12:28:09.049Z  INFO 1 --- [bff] [main] com.zaxxer.hikari.pool.HikariPool        : HikariPool-2 - Added connection org.postgresql.jdbc.PgConnection@6b83ec49
2026-03-16T12:28:09.049Z  INFO 1 --- [bff] [main] com.zaxxer.hikari.HikariDataSource       : HikariPool-2 - Start completed.
2026-03-16T12:28:09.060Z  WARN 1 --- [bff] [main] org.hibernate.orm.deprecation            : HHH90000025: PostgreSQLDialect does not need to be specified explicitly using 'hibernate.dialect' (remove the property setting and it will be selected by default)
2026-03-16T12:28:09.069Z  INFO 1 --- [bff] [main] org.hibernate.orm.connections.pooling    : HHH10001005: Database info:
	Database JDBC URL [Connecting through datasource 'HikariDataSource (HikariPool-2)']
	Database driver: undefined/unknown
	Database version: 12.12
	Autocommit mode: undefined/unknown
	Isolation level: undefined/unknown
	Minimum pool size: undefined/unknown
	Maximum pool size: undefined/unknown
2026-03-16T12:28:09.123Z  INFO 1 --- [bff] [main] o.h.e.t.j.p.i.JtaPlatformInitiator       : HHH000489: No JTA platform available (set 'hibernate.transaction.jta.platform' to enable JTA platform integration)
2026-03-16T12:28:09.124Z  INFO 1 --- [bff] [main] j.LocalContainerEntityManagerFactoryBean : Initialized JPA EntityManagerFactory for persistence unit 'radius'
2026-03-16T12:28:09.132Z  INFO 1 --- [bff] [main] o.hibernate.jpa.internal.util.LogHelper  : HHH000204: Processing PersistenceUnitInfo [name: afetados]
2026-03-16T12:28:09.135Z  INFO 1 --- [bff] [main] o.h.c.internal.RegionFactoryInitiator    : HHH000026: Second-level cache disabled
2026-03-16T12:28:09.145Z  INFO 1 --- [bff] [main] o.s.o.j.p.SpringPersistenceUnitInfo      : No LoadTimeWeaver setup: ignoring JPA class transformer
2026-03-16T12:28:09.147Z  INFO 1 --- [bff] [main] com.zaxxer.hikari.HikariDataSource       : HikariPool-3 - Starting...
2026-03-16T12:28:09.218Z  INFO 1 --- [bff] [main] com.zaxxer.hikari.pool.HikariPool        : HikariPool-3 - Added connection org.mariadb.jdbc.Connection@72fc6b5e
2026-03-16T12:28:09.219Z  INFO 1 --- [bff] [main] com.zaxxer.hikari.HikariDataSource       : HikariPool-3 - Start completed.
2026-03-16T12:28:09.228Z  WARN 1 --- [bff] [main] org.hibernate.orm.deprecation            : HHH90000025: MariaDBDialect does not need to be specified explicitly using 'hibernate.dialect' (remove the property setting and it will be selected by default)
2026-03-16T12:28:09.233Z  INFO 1 --- [bff] [main] org.hibernate.orm.connections.pooling    : HHH10001005: Database info:
	Database JDBC URL [Connecting through datasource 'HikariDataSource (HikariPool-3)']
	Database driver: undefined/unknown
	Database version: 10.11.10
	Autocommit mode: undefined/unknown
	Isolation level: undefined/unknown
	Minimum pool size: undefined/unknown
	Maximum pool size: undefined/unknown
2026-03-16T12:28:09.272Z  INFO 1 --- [bff] [main] o.h.e.t.j.p.i.JtaPlatformInitiator       : HHH000489: No JTA platform available (set 'hibernate.transaction.jta.platform' to enable JTA platform integration)
2026-03-16T12:28:09.273Z  INFO 1 --- [bff] [main] j.LocalContainerEntityManagerFactoryBean : Initialized JPA EntityManagerFactory for persistence unit 'afetados'
2026-03-16T12:28:09.443Z  INFO 1 --- [bff] [main] o.s.d.j.r.query.QueryEnhancerFactory     : Hibernate is in classpath; If applicable, HQL parser will be used.
2026-03-16T12:28:10.058Z  WARN 1 --- [bff] [main] JpaBaseConfiguration$JpaWebConfiguration : spring.jpa.open-in-view is enabled by default. Therefore, database queries may be performed during view rendering. Explicitly configure spring.jpa.open-in-view to disable this warning
2026-03-16T12:28:10.089Z  INFO 1 --- [bff] [main] r$InitializeUserDetailsManagerConfigurer : Global AuthenticationManager configured with UserDetailsService bean with name inMemoryUserDetailsManager
2026-03-16T12:28:10.673Z  INFO 1 --- [bff] [main] o.s.b.w.embedded.tomcat.TomcatWebServer  : Tomcat started on port 8085 (http) with context path '/'
2026-03-16T12:28:10.688Z  INFO 1 --- [bff] [main] br.com.sebratel.bff.BffApplication       : Started BffApplication in 6.246 seconds (process running for 7.811)
2026-03-16T12:30:50.346Z  INFO 1 --- [bff] [http-nio-8085-exec-1] o.a.c.c.C.[Tomcat].[localhost].[/]       : Initializing Spring DispatcherServlet 'dispatcherServlet'
2026-03-16T12:30:50.349Z  INFO 1 --- [bff] [http-nio-8085-exec-1] o.s.web.servlet.DispatcherServlet        : Initializing Servlet 'dispatcherServlet'
2026-03-16T12:30:50.364Z  INFO 1 --- [bff] [http-nio-8085-exec-1] o.s.web.servlet.DispatcherServlet        : Completed initialization in 14 ms
2026-03-16T12:30:54.139Z  INFO 1 --- [bff] [http-nio-8085-exec-2] b.c.s.b.c.UsuarioAfetadoController       : Iniciando alteração de data de finalização para o protocolo: 556
2026-03-16T12:30:54.164Z  INFO 1 --- [bff] [http-nio-8085-exec-2] b.c.s.bff.service.UsuarioAfetadoService  : Alterando data estimada para finalização
2026-03-16T12:30:54.545Z  WARN 1 --- [bff] [http-nio-8085-exec-2] o.h.engine.jdbc.spi.SqlExceptionHelper   : SQL Error: 0, SQLState: null
2026-03-16T12:30:54.545Z ERROR 1 --- [bff] [http-nio-8085-exec-2] o.h.engine.jdbc.spi.SqlExceptionHelper   : PrepareStatement.executeQuery() command does NOT return a result-set as expected. Either use PrepareStatement.execute(), PrepareStatement.executeUpdate(), or correct command
2026-03-16T12:30:54.567Z ERROR 1 --- [bff] [http-nio-8085-exec-2] b.c.s.b.c.UsuarioAfetadoController       : Erro ao alterar data de finalização para o protocolo 556: JDBC exception executing SQL [UPDATE assignment_clients SET finish_date = ?  WHERE protocol_id = ?] [PrepareStatement.executeQuery() command does NOT return a result-set as expected. Either use PrepareStatement.execute(), PrepareStatement.executeUpdate(), or correct command] [n/a]

org.springframework.orm.jpa.JpaSystemException: JDBC exception executing SQL [UPDATE assignment_clients SET finish_date = ?  WHERE protocol_id = ?] [PrepareStatement.executeQuery() command does NOT return a result-set as expected. Either use PrepareStatement.execute(), PrepareStatement.executeUpdate(), or correct command] [n/a]
	at org.springframework.orm.jpa.vendor.HibernateJpaDialect.convertHibernateAccessException(HibernateJpaDialect.java:341) ~[spring-orm-6.2.3.jar!/:6.2.3]
	at org.springframework.orm.jpa.vendor.HibernateJpaDialect.translateExceptionIfPossible(HibernateJpaDialect.java:241) ~[spring-orm-6.2.3.jar!/:6.2.3]
	at org.springframework.orm.jpa.AbstractEntityManagerFactoryBean.translateExceptionIfPossible(AbstractEntityManagerFactoryBean.java:560) ~[spring-orm-6.2.3.jar!/:6.2.3]
	at org.springframework.dao.support.ChainedPersistenceExceptionTranslator.translateExceptionIfPossible(ChainedPersistenceExceptionTranslator.java:61) ~[spring-tx-6.2.3.jar!/:6.2.3]
	at org.springframework.dao.support.DataAccessUtils.translateIfNecessary(DataAccessUtils.java:343) ~[spring-tx-6.2.3.jar!/:6.2.3]
	at org.springframework.dao.support.PersistenceExceptionTranslationInterceptor.invoke(PersistenceExceptionTranslationInterceptor.java:160) ~[spring-tx-6.2.3.jar!/:6.2.3]
	at org.springframework.aop.framework.ReflectiveMethodInvocation.proceed(ReflectiveMethodInvocation.java:184) ~[spring-aop-6.2.3.jar!/:6.2.3]
	at org.springframework.data.jpa.repository.support.CrudMethodMetadataPostProcessor$CrudMethodMetadataPopulatingMethodInterceptor.invoke(CrudMethodMetadataPostProcessor.java:136) ~[spring-data-jpa-3.4.3.jar!/:3.4.3]
	at org.springframework.aop.framework.ReflectiveMethodInvocation.proceed(ReflectiveMethodInvocation.java:184) ~[spring-aop-6.2.3.jar!/:6.2.3]
	at org.springframework.aop.framework.JdkDynamicAopProxy.invoke(JdkDynamicAopProxy.java:223) ~[spring-aop-6.2.3.jar!/:6.2.3]
	at jdk.proxy2/jdk.proxy2.$Proxy173.updateUsersByProtocol(Unknown Source) ~[na:na]
	at br.com.sebratel.bff.repository.afetados.impl.UsuarioAfetadoRepositoryImpl.updateUsersByProtocol(UsuarioAfetadoRepositoryImpl.java:49) ~[!/:1.0.0-SNAPSHOT]
	at java.base/jdk.internal.reflect.DirectMethodHandleAccessor.invoke(Unknown Source) ~[na:na]
	at java.base/java.lang.reflect.Method.invoke(Unknown Source) ~[na:na]
	at org.springframework.aop.support.AopUtils.invokeJoinpointUsingReflection(AopUtils.java:359) ~[spring-aop-6.2.3.jar!/:6.2.3]
	at org.springframework.aop.framework.ReflectiveMethodInvocation.invokeJoinpoint(ReflectiveMethodInvocation.java:196) ~[spring-aop-6.2.3.jar!/:6.2.3]
	at org.springframework.aop.framework.ReflectiveMethodInvocation.proceed(ReflectiveMethodInvocation.java:163) ~[spring-aop-6.2.3.jar!/:6.2.3]
	at org.springframework.dao.support.PersistenceExceptionTranslationInterceptor.invoke(PersistenceExceptionTranslationInterceptor.java:138) ~[spring-tx-6.2.3.jar!/:6.2.3]
	at org.springframework.aop.framework.ReflectiveMethodInvocation.proceed(ReflectiveMethodInvocation.java:184) ~[spring-aop-6.2.3.jar!/:6.2.3]
	at org.springframework.aop.framework.CglibAopProxy$DynamicAdvisedInterceptor.intercept(CglibAopProxy.java:727) ~[spring-aop-6.2.3.jar!/:6.2.3]
	at br.com.sebratel.bff.repository.afetados.impl.UsuarioAfetadoRepositoryImpl$$SpringCGLIB$$0.updateUsersByProtocol(<generated>) ~[!/:1.0.0-SNAPSHOT]
	at br.com.sebratel.bff.service.UsuarioAfetadoService.alterarDataEstimadaParaFinalizacao(UsuarioAfetadoService.java:91) ~[!/:1.0.0-SNAPSHOT]
	at java.base/jdk.internal.reflect.DirectMethodHandleAccessor.invoke(Unknown Source) ~[na:na]
	at java.base/java.lang.reflect.Method.invoke(Unknown Source) ~[na:na]
	at org.springframework.aop.support.AopUtils.invokeJoinpointUsingReflection(AopUtils.java:359) ~[spring-aop-6.2.3.jar!/:6.2.3]
	at org.springframework.aop.framework.ReflectiveMethodInvocation.invokeJoinpoint(ReflectiveMethodInvocation.java:196) ~[spring-aop-6.2.3.jar!/:6.2.3]
	at org.springframework.aop.framework.ReflectiveMethodInvocation.proceed(ReflectiveMethodInvocation.java:163) ~[spring-aop-6.2.3.jar!/:6.2.3]
	at org.springframework.transaction.interceptor.TransactionAspectSupport.invokeWithinTransaction(TransactionAspectSupport.java:380) ~[spring-tx-6.2.3.jar!/:6.2.3]
	at org.springframework.transaction.interceptor.TransactionInterceptor.invoke(TransactionInterceptor.java:119) ~[spring-tx-6.2.3.jar!/:6.2.3]
	at org.springframework.aop.framework.ReflectiveMethodInvocation.proceed(ReflectiveMethodInvocation.java:184) ~[spring-aop-6.2.3.jar!/:6.2.3]
	at org.springframework.aop.framework.CglibAopProxy$DynamicAdvisedInterceptor.intercept(CglibAopProxy.java:727) ~[spring-aop-6.2.3.jar!/:6.2.3]
	at br.com.sebratel.bff.service.UsuarioAfetadoService$$SpringCGLIB$$0.alterarDataEstimadaParaFinalizacao(<generated>) ~[!/:1.0.0-SNAPSHOT]
	at br.com.sebratel.bff.controller.UsuarioAfetadoController.alterarDataDeFinalizacaoPorProtocolo(UsuarioAfetadoController.java:176) ~[!/:1.0.0-SNAPSHOT]
	at java.base/jdk.internal.reflect.DirectMethodHandleAccessor.invoke(Unknown Source) ~[na:na]
	at java.base/java.lang.reflect.Method.invoke(Unknown Source) ~[na:na]
	at org.springframework.web.method.support.InvocableHandlerMethod.doInvoke(InvocableHandlerMethod.java:257) ~[spring-web-6.2.3.jar!/:6.2.3]
	at org.springframework.web.method.support.InvocableHandlerMethod.invokeForRequest(InvocableHandlerMethod.java:190) ~[spring-web-6.2.3.jar!/:6.2.3]
	at org.springframework.web.servlet.mvc.method.annotation.ServletInvocableHandlerMethod.invokeAndHandle(ServletInvocableHandlerMethod.java:118) ~[spring-webmvc-6.2.3.jar!/:6.2.3]
	at org.springframework.web.servlet.mvc.method.annotation.RequestMappingHandlerAdapter.invokeHandlerMethod(RequestMappingHandlerAdapter.java:986) ~[spring-webmvc-6.2.3.jar!/:6.2.3]
	at org.springframework.web.servlet.mvc.method.annotation.RequestMappingHandlerAdapter.handleInternal(RequestMappingHandlerAdapter.java:891) ~[spring-webmvc-6.2.3.jar!/:6.2.3]
	at org.springframework.web.servlet.mvc.method.AbstractHandlerMethodAdapter.handle(AbstractHandlerMethodAdapter.java:87) ~[spring-webmvc-6.2.3.jar!/:6.2.3]
	at org.springframework.web.servlet.DispatcherServlet.doDispatch(DispatcherServlet.java:1088) ~[spring-webmvc-6.2.3.jar!/:6.2.3]
	at org.springframework.web.servlet.DispatcherServlet.doService(DispatcherServlet.java:978) ~[spring-webmvc-6.2.3.jar!/:6.2.3]
	at org.springframework.web.servlet.FrameworkServlet.processRequest(FrameworkServlet.java:1014) ~[spring-webmvc-6.2.3.jar!/:6.2.3]
	at org.springframework.web.servlet.FrameworkServlet.service(FrameworkServlet.java:888) ~[spring-webmvc-6.2.3.jar!/:6.2.3]
	at jakarta.servlet.http.HttpServlet.service(HttpServlet.java:658) ~[tomcat-embed-core-10.1.36.jar!/:na]
	at org.apache.catalina.core.ApplicationFilterChain.internalDoFilter(ApplicationFilterChain.java:195) ~[tomcat-embed-core-10.1.36.jar!/:na]
	at org.apache.catalina.core.ApplicationFilterChain.doFilter(ApplicationFilterChain.java:140) ~[tomcat-embed-core-10.1.36.jar!/:na]
	at org.apache.tomcat.websocket.server.WsFilter.doFilter(WsFilter.java:51) ~[tomcat-embed-websocket-10.1.36.jar!/:na]
	at org.apache.catalina.core.ApplicationFilterChain.internalDoFilter(ApplicationFilterChain.java:164) ~[tomcat-embed-core-10.1.36.jar!/:na]
	at org.apache.catalina.core.ApplicationFilterChain.doFilter(ApplicationFilterChain.java:140) ~[tomcat-embed-core-10.1.36.jar!/:na]
	at org.springframework.web.filter.CompositeFilter$VirtualFilterChain.doFilter(CompositeFilter.java:108) ~[spring-web-6.2.3.jar!/:6.2.3]
	at org.springframework.security.web.FilterChainProxy.lambda$doFilterInternal$3(FilterChainProxy.java:231) ~[spring-security-web-6.4.3.jar!/:6.4.3]
	at org.springframework.security.web.FilterChainProxy$VirtualFilterChain.doFilter(FilterChainProxy.java:365) ~[spring-security-web-6.4.3.jar!/:6.4.3]
	at org.springframework.security.web.access.intercept.AuthorizationFilter.doFilter(AuthorizationFilter.java:101) ~[spring-security-web-6.4.3.jar!/:6.4.3]
	at org.springframework.security.web.FilterChainProxy$VirtualFilterChain.doFilter(FilterChainProxy.java:374) ~[spring-security-web-6.4.3.jar!/:6.4.3]
	at org.springframework.security.web.access.ExceptionTranslationFilter.doFilter(ExceptionTranslationFilter.java:126) ~[spring-security-web-6.4.3.jar!/:6.4.3]
	at org.springframework.security.web.access.ExceptionTranslationFilter.doFilter(ExceptionTranslationFilter.java:120) ~[spring-security-web-6.4.3.jar!/:6.4.3]
	at org.springframework.security.web.FilterChainProxy$VirtualFilterChain.doFilter(FilterChainProxy.java:374) ~[spring-security-web-6.4.3.jar!/:6.4.3]
	at org.springframework.security.web.authentication.AnonymousAuthenticationFilter.doFilter(AnonymousAuthenticationFilter.java:100) ~[spring-security-web-6.4.3.jar!/:6.4.3]
	at org.springframework.security.web.FilterChainProxy$VirtualFilterChain.doFilter(FilterChainProxy.java:374) ~[spring-security-web-6.4.3.jar!/:6.4.3]
	at org.springframework.security.web.servletapi.SecurityContextHolderAwareRequestFilter.doFilter(SecurityContextHolderAwareRequestFilter.java:179) ~[spring-security-web-6.4.3.jar!/:6.4.3]
	at org.springframework.security.web.FilterChainProxy$VirtualFilterChain.doFilter(FilterChainProxy.java:374) ~[spring-security-web-6.4.3.jar!/:6.4.3]
	at org.springframework.security.web.savedrequest.RequestCacheAwareFilter.doFilter(RequestCacheAwareFilter.java:63) ~[spring-security-web-6.4.3.jar!/:6.4.3]
	at org.springframework.security.web.FilterChainProxy$VirtualFilterChain.doFilter(FilterChainProxy.java:374) ~[spring-security-web-6.4.3.jar!/:6.4.3]
	at org.springframework.security.web.authentication.logout.LogoutFilter.doFilter(LogoutFilter.java:107) ~[spring-security-web-6.4.3.jar!/:6.4.3]
	at org.springframework.security.web.authentication.logout.LogoutFilter.doFilter(LogoutFilter.java:93) ~[spring-security-web-6.4.3.jar!/:6.4.3]
	at org.springframework.security.web.FilterChainProxy$VirtualFilterChain.doFilter(FilterChainProxy.java:374) ~[spring-security-web-6.4.3.jar!/:6.4.3]
	at org.springframework.web.filter.CorsFilter.doFilterInternal(CorsFilter.java:91) ~[spring-web-6.2.3.jar!/:6.2.3]
	at org.springframework.web.filter.OncePerRequestFilter.doFilter(OncePerRequestFilter.java:116) ~[spring-web-6.2.3.jar!/:6.2.3]
	at org.springframework.security.web.FilterChainProxy$VirtualFilterChain.doFilter(FilterChainProxy.java:374) ~[spring-security-web-6.4.3.jar!/:6.4.3]
	at org.springframework.security.web.header.HeaderWriterFilter.doHeadersAfter(HeaderWriterFilter.java:90) ~[spring-security-web-6.4.3.jar!/:6.4.3]
	at org.springframework.security.web.header.HeaderWriterFilter.doFilterInternal(HeaderWriterFilter.java:75) ~[spring-security-web-6.4.3.jar!/:6.4.3]
	at org.springframework.web.filter.OncePerRequestFilter.doFilter(OncePerRequestFilter.java:116) ~[spring-web-6.2.3.jar!/:6.2.3]
	at org.springframework.security.web.FilterChainProxy$VirtualFilterChain.doFilter(FilterChainProxy.java:374) ~[spring-security-web-6.4.3.jar!/:6.4.3]
	at org.springframework.security.web.context.SecurityContextHolderFilter.doFilter(SecurityContextHolderFilter.java:82) ~[spring-security-web-6.4.3.jar!/:6.4.3]
	at org.springframework.security.web.context.SecurityContextHolderFilter.doFilter(SecurityContextHolderFilter.java:69) ~[spring-security-web-6.4.3.jar!/:6.4.3]
	at org.springframework.security.web.FilterChainProxy$VirtualFilterChain.doFilter(FilterChainProxy.java:374) ~[spring-security-web-6.4.3.jar!/:6.4.3]
	at org.springframework.security.web.context.request.async.WebAsyncManagerIntegrationFilter.doFilterInternal(WebAsyncManagerIntegrationFilter.java:62) ~[spring-security-web-6.4.3.jar!/:6.4.3]
	at org.springframework.web.filter.OncePerRequestFilter.doFilter(OncePerRequestFilter.java:116) ~[spring-web-6.2.3.jar!/:6.2.3]
	at org.springframework.security.web.FilterChainProxy$VirtualFilterChain.doFilter(FilterChainProxy.java:374) ~[spring-security-web-6.4.3.jar!/:6.4.3]
	at org.springframework.security.web.session.DisableEncodeUrlFilter.doFilterInternal(DisableEncodeUrlFilter.java:42) ~[spring-security-web-6.4.3.jar!/:6.4.3]
	at org.springframework.web.filter.OncePerRequestFilter.doFilter(OncePerRequestFilter.java:116) ~[spring-web-6.2.3.jar!/:6.2.3]
	at org.springframework.security.web.FilterChainProxy$VirtualFilterChain.doFilter(FilterChainProxy.java:374) ~[spring-security-web-6.4.3.jar!/:6.4.3]
	at org.springframework.security.web.FilterChainProxy.doFilterInternal(FilterChainProxy.java:233) ~[spring-security-web-6.4.3.jar!/:6.4.3]
	at org.springframework.security.web.FilterChainProxy.doFilter(FilterChainProxy.java:191) ~[spring-security-web-6.4.3.jar!/:6.4.3]
	at org.springframework.web.filter.CompositeFilter$VirtualFilterChain.doFilter(CompositeFilter.java:113) ~[spring-web-6.2.3.jar!/:6.2.3]
	at org.springframework.web.servlet.handler.HandlerMappingIntrospector.lambda$createCacheFilter$3(HandlerMappingIntrospector.java:243) ~[spring-webmvc-6.2.3.jar!/:6.2.3]
	at org.springframework.web.filter.CompositeFilter$VirtualFilterChain.doFilter(CompositeFilter.java:113) ~[spring-web-6.2.3.jar!/:6.2.3]
	at org.springframework.web.filter.CompositeFilter.doFilter(CompositeFilter.java:74) ~[spring-web-6.2.3.jar!/:6.2.3]
	at org.springframework.security.config.annotation.web.configuration.WebMvcSecurityConfiguration$CompositeFilterChainProxy.doFilter(WebMvcSecurityConfiguration.java:238) ~[spring-security-config-6.4.3.jar!/:6.4.3]
	at org.springframework.web.filter.DelegatingFilterProxy.invokeDelegate(DelegatingFilterProxy.java:362) ~[spring-web-6.2.3.jar!/:6.2.3]
	at org.springframework.web.filter.DelegatingFilterProxy.doFilter(DelegatingFilterProxy.java:278) ~[spring-web-6.2.3.jar!/:6.2.3]
	at org.apache.catalina.core.ApplicationFilterChain.internalDoFilter(ApplicationFilterChain.java:164) ~[tomcat-embed-core-10.1.36.jar!/:na]
	at org.apache.catalina.core.ApplicationFilterChain.doFilter(ApplicationFilterChain.java:140) ~[tomcat-embed-core-10.1.36.jar!/:na]
	at org.springframework.web.filter.RequestContextFilter.doFilterInternal(RequestContextFilter.java:100) ~[spring-web-6.2.3.jar!/:6.2.3]
	at org.springframework.web.filter.OncePerRequestFilter.doFilter(OncePerRequestFilter.java:116) ~[spring-web-6.2.3.jar!/:6.2.3]
	at org.apache.catalina.core.ApplicationFilterChain.internalDoFilter(ApplicationFilterChain.java:164) ~[tomcat-embed-core-10.1.36.jar!/:na]
	at org.apache.catalina.core.ApplicationFilterChain.doFilter(ApplicationFilterChain.java:140) ~[tomcat-embed-core-10.1.36.jar!/:na]
	at org.springframework.web.filter.FormContentFilter.doFilterInternal(FormContentFilter.java:93) ~[spring-web-6.2.3.jar!/:6.2.3]
	at org.springframework.web.filter.OncePerRequestFilter.doFilter(OncePerRequestFilter.java:116) ~[spring-web-6.2.3.jar!/:6.2.3]
	at org.apache.catalina.core.ApplicationFilterChain.internalDoFilter(ApplicationFilterChain.java:164) ~[tomcat-embed-core-10.1.36.jar!/:na]
	at org.apache.catalina.core.ApplicationFilterChain.doFilter(ApplicationFilterChain.java:140) ~[tomcat-embed-core-10.1.36.jar!/:na]
	at org.springframework.web.filter.CharacterEncodingFilter.doFilterInternal(CharacterEncodingFilter.java:201) ~[spring-web-6.2.3.jar!/:6.2.3]
	at org.springframework.web.filter.OncePerRequestFilter.doFilter(OncePerRequestFilter.java:116) ~[spring-web-6.2.3.jar!/:6.2.3]
	at org.apache.catalina.core.ApplicationFilterChain.internalDoFilter(ApplicationFilterChain.java:164) ~[tomcat-embed-core-10.1.36.jar!/:na]
	at org.apache.catalina.core.ApplicationFilterChain.doFilter(ApplicationFilterChain.java:140) ~[tomcat-embed-core-10.1.36.jar!/:na]
	at org.apache.catalina.core.StandardWrapperValve.invoke(StandardWrapperValve.java:167) ~[tomcat-embed-core-10.1.36.jar!/:na]
	at org.apache.catalina.core.StandardContextValve.invoke(StandardContextValve.java:90) ~[tomcat-embed-core-10.1.36.jar!/:na]
	at org.apache.catalina.authenticator.AuthenticatorBase.invoke(AuthenticatorBase.java:483) ~[tomcat-embed-core-10.1.36.jar!/:na]
	at org.apache.catalina.core.StandardHostValve.invoke(StandardHostValve.java:115) ~[tomcat-embed-core-10.1.36.jar!/:na]
	at org.apache.catalina.valves.ErrorReportValve.invoke(ErrorReportValve.java:93) ~[tomcat-embed-core-10.1.36.jar!/:na]
	at org.apache.catalina.core.StandardEngineValve.invoke(StandardEngineValve.java:74) ~[tomcat-embed-core-10.1.36.jar!/:na]
	at org.apache.catalina.connector.CoyoteAdapter.service(CoyoteAdapter.java:344) ~[tomcat-embed-core-10.1.36.jar!/:na]
	at org.apache.coyote.http11.Http11Processor.service(Http11Processor.java:397) ~[tomcat-embed-core-10.1.36.jar!/:na]
	at org.apache.coyote.AbstractProcessorLight.process(AbstractProcessorLight.java:63) ~[tomcat-embed-core-10.1.36.jar!/:na]
	at org.apache.coyote.AbstractProtocol$ConnectionHandler.process(AbstractProtocol.java:905) ~[tomcat-embed-core-10.1.36.jar!/:na]
	at org.apache.tomcat.util.net.NioEndpoint$SocketProcessor.doRun(NioEndpoint.java:1743) ~[tomcat-embed-core-10.1.36.jar!/:na]
	at org.apache.tomcat.util.net.SocketProcessorBase.run(SocketProcessorBase.java:52) ~[tomcat-embed-core-10.1.36.jar!/:na]
	at org.apache.tomcat.util.threads.ThreadPoolExecutor.runWorker(ThreadPoolExecutor.java:1190) ~[tomcat-embed-core-10.1.36.jar!/:na]
	at org.apache.tomcat.util.threads.ThreadPoolExecutor$Worker.run(ThreadPoolExecutor.java:659) ~[tomcat-embed-core-10.1.36.jar!/:na]
	at org.apache.tomcat.util.threads.TaskThread$WrappingRunnable.run(TaskThread.java:63) ~[tomcat-embed-core-10.1.36.jar!/:na]
	at java.base/java.lang.Thread.run(Unknown Source) ~[na:na]
Caused by: org.hibernate.exception.GenericJDBCException: JDBC exception executing SQL [UPDATE assignment_clients SET finish_date = ?  WHERE protocol_id = ?] [PrepareStatement.executeQuery() command does NOT return a result-set as expected. Either use PrepareStatement.execute(), PrepareStatement.executeUpdate(), or correct command] [n/a]
	at org.hibernate.exception.internal.StandardSQLExceptionConverter.convert(StandardSQLExceptionConverter.java:63) ~[hibernate-core-6.6.8.Final.jar!/:6.6.8.Final]
	at org.hibernate.engine.jdbc.spi.SqlExceptionHelper.convert(SqlExceptionHelper.java:108) ~[hibernate-core-6.6.8.Final.jar!/:6.6.8.Final]
	at org.hibernate.engine.jdbc.spi.SqlExceptionHelper.convert(SqlExceptionHelper.java:94) ~[hibernate-core-6.6.8.Final.jar!/:6.6.8.Final]
	at org.hibernate.sql.results.jdbc.internal.DeferredResultSetAccess.executeQuery(DeferredResultSetAccess.java:268) ~[hibernate-core-6.6.8.Final.jar!/:6.6.8.Final]
	at org.hibernate.sql.results.jdbc.internal.DeferredResultSetAccess.getResultSet(DeferredResultSetAccess.java:171) ~[hibernate-core-6.6.8.Final.jar!/:6.6.8.Final]
	at org.hibernate.sql.results.jdbc.internal.AbstractResultSetAccess.getMetaData(AbstractResultSetAccess.java:36) ~[hibernate-core-6.6.8.Final.jar!/:6.6.8.Final]
	at org.hibernate.sql.results.jdbc.internal.AbstractResultSetAccess.getColumnCount(AbstractResultSetAccess.java:52) ~[hibernate-core-6.6.8.Final.jar!/:6.6.8.Final]
	at org.hibernate.query.results.ResultSetMappingImpl.resolve(ResultSetMappingImpl.java:194) ~[hibernate-core-6.6.8.Final.jar!/:6.6.8.Final]
	at org.hibernate.sql.exec.internal.JdbcSelectExecutorStandardImpl.resolveJdbcValuesSource(JdbcSelectExecutorStandardImpl.java:340) ~[hibernate-core-6.6.8.Final.jar!/:6.6.8.Final]
	at org.hibernate.sql.exec.internal.JdbcSelectExecutorStandardImpl.doExecuteQuery(JdbcSelectExecutorStandardImpl.java:137) ~[hibernate-core-6.6.8.Final.jar!/:6.6.8.Final]
	at org.hibernate.sql.exec.internal.JdbcSelectExecutorStandardImpl.executeQuery(JdbcSelectExecutorStandardImpl.java:102) ~[hibernate-core-6.6.8.Final.jar!/:6.6.8.Final]
	at org.hibernate.sql.exec.spi.JdbcSelectExecutor.executeQuery(JdbcSelectExecutor.java:91) ~[hibernate-core-6.6.8.Final.jar!/:6.6.8.Final]
	at org.hibernate.sql.exec.spi.JdbcSelectExecutor.list(JdbcSelectExecutor.java:165) ~[hibernate-core-6.6.8.Final.jar!/:6.6.8.Final]
	at org.hibernate.sql.exec.spi.JdbcSelectExecutor.list(JdbcSelectExecutor.java:142) ~[hibernate-core-6.6.8.Final.jar!/:6.6.8.Final]
	at org.hibernate.sql.exec.spi.JdbcSelectExecutor.list(JdbcSelectExecutor.java:132) ~[hibernate-core-6.6.8.Final.jar!/:6.6.8.Final]
	at org.hibernate.query.sql.internal.NativeSelectQueryPlanImpl.performList(NativeSelectQueryPlanImpl.java:135) ~[hibernate-core-6.6.8.Final.jar!/:6.6.8.Final]
	at org.hibernate.query.sql.internal.NativeQueryImpl.doList(NativeQueryImpl.java:693) ~[hibernate-core-6.6.8.Final.jar!/:6.6.8.Final]
	at org.hibernate.query.spi.AbstractSelectionQuery.list(AbstractSelectionQuery.java:143) ~[hibernate-core-6.6.8.Final.jar!/:6.6.8.Final]
	at org.hibernate.query.Query.getResultList(Query.java:120) ~[hibernate-core-6.6.8.Final.jar!/:6.6.8.Final]
	at org.springframework.data.jpa.repository.query.JpaQueryExecution$CollectionExecution.doExecute(JpaQueryExecution.java:130) ~[spring-data-jpa-3.4.3.jar!/:3.4.3]
	at org.springframework.data.jpa.repository.query.JpaQueryExecution.execute(JpaQueryExecution.java:93) ~[spring-data-jpa-3.4.3.jar!/:3.4.3]
	at org.springframework.data.jpa.repository.query.AbstractJpaQuery.doExecute(AbstractJpaQuery.java:152) ~[spring-data-jpa-3.4.3.jar!/:3.4.3]
	at org.springframework.data.jpa.repository.query.AbstractJpaQuery.execute(AbstractJpaQuery.java:140) ~[spring-data-jpa-3.4.3.jar!/:3.4.3]
	at org.springframework.data.repository.core.support.RepositoryMethodInvoker.doInvoke(RepositoryMethodInvoker.java:170) ~[spring-data-commons-3.4.3.jar!/:3.4.3]
	at org.springframework.data.repository.core.support.RepositoryMethodInvoker.invoke(RepositoryMethodInvoker.java:158) ~[spring-data-commons-3.4.3.jar!/:3.4.3]
	at org.springframework.data.repository.core.support.QueryExecutorMethodInterceptor.doInvoke(QueryExecutorMethodInterceptor.java:170) ~[spring-data-commons-3.4.3.jar!/:3.4.3]
	at org.springframework.data.repository.core.support.QueryExecutorMethodInterceptor.invoke(QueryExecutorMethodInterceptor.java:149) ~[spring-data-commons-3.4.3.jar!/:3.4.3]
	at org.springframework.aop.framework.ReflectiveMethodInvocation.proceed(ReflectiveMethodInvocation.java:184) ~[spring-aop-6.2.3.jar!/:6.2.3]
	at org.springframework.data.projection.DefaultMethodInvokingMethodInterceptor.invoke(DefaultMethodInvokingMethodInterceptor.java:69) ~[spring-data-commons-3.4.3.jar!/:3.4.3]
	at org.springframework.aop.framework.ReflectiveMethodInvocation.proceed(ReflectiveMethodInvocation.java:184) ~[spring-aop-6.2.3.jar!/:6.2.3]
	at org.springframework.transaction.interceptor.TransactionAspectSupport.invokeWithinTransaction(TransactionAspectSupport.java:380) ~[spring-tx-6.2.3.jar!/:6.2.3]
	at org.springframework.transaction.interceptor.TransactionInterceptor.invoke(TransactionInterceptor.java:119) ~[spring-tx-6.2.3.jar!/:6.2.3]
	at org.springframework.aop.framework.ReflectiveMethodInvocation.proceed(ReflectiveMethodInvocation.java:184) ~[spring-aop-6.2.3.jar!/:6.2.3]
	at org.springframework.dao.support.PersistenceExceptionTranslationInterceptor.invoke(PersistenceExceptionTranslationInterceptor.java:138) ~[spring-tx-6.2.3.jar!/:6.2.3]
	... 117 common frames omitted
Caused by: java.sql.SQLException: PrepareStatement.executeQuery() command does NOT return a result-set as expected. Either use PrepareStatement.execute(), PrepareStatement.executeUpdate(), or correct command
	at org.mariadb.jdbc.ClientPreparedStatement.executeQuery(ClientPreparedStatement.java:269) ~[mariadb-java-client-3.4.1.jar!/:na]
	at com.zaxxer.hikari.pool.ProxyPreparedStatement.executeQuery(ProxyPreparedStatement.java:52) ~[HikariCP-5.1.0.jar!/:na]
	at com.zaxxer.hikari.pool.HikariProxyPreparedStatement.executeQuery(HikariProxyPreparedStatement.java) ~[HikariCP-5.1.0.jar!/:na]
	at org.hibernate.sql.results.jdbc.internal.DeferredResultSetAccess.executeQuery(DeferredResultSetAccess.java:250) ~[hibernate-core-6.6.8.Final.jar!/:6.6.8.Final]
	... 147 common frames omitted

2026-03-16T12:33:07.855Z  INFO 1 --- [bff] [http-nio-8085-exec-3] b.c.s.b.c.UsuarioAfetadoController       : Iniciando busca de usuários afetados pelo protocolo: 556
2026-03-16T12:33:07.856Z  INFO 1 --- [bff] [http-nio-8085-exec-3] b.c.s.bff.service.UsuarioAfetadoService  : Buscando usuários afetados pelo protocolo: 556
2026-03-16T12:33:07.952Z  INFO 1 --- [bff] [http-nio-8085-exec-3] b.c.s.b.c.UsuarioAfetadoController       : Busca por protocolo 556 concluída. Encontrados 1 usuários.
2026-03-16T12:41:46.231Z  INFO 1 --- [bff] [SpringApplicationShutdownHook] o.s.b.w.e.tomcat.GracefulShutdown        : Commencing graceful shutdown. Waiting for active requests to complete
2026-03-16T12:41:46.248Z  INFO 1 --- [bff] [tomcat-shutdown] o.s.b.w.e.tomcat.GracefulShutdown        : Graceful shutdown complete
2026-03-16T12:44:35.371Z  INFO 1 --- [bff] [main] br.com.sebratel.bff.BffApplication       : Starting BffApplication v1.0.0-SNAPSHOT using Java 21.0.10 with PID 1 (/app/app.jar started by root in /app)
2026-03-16T12:44:35.374Z  INFO 1 --- [bff] [main] br.com.sebratel.bff.BffApplication       : No active profile set, falling back to 1 default profile: "default"
2026-03-16T12:44:36.056Z  INFO 1 --- [bff] [main] .s.d.r.c.RepositoryConfigurationDelegate : Multiple Spring Data modules found, entering strict repository configuration mode
2026-03-16T12:44:36.056Z  INFO 1 --- [bff] [main] .s.d.r.c.RepositoryConfigurationDelegate : Bootstrapping Spring Data JPA repositories in DEFAULT mode.
2026-03-16T12:44:36.174Z  INFO 1 --- [bff] [main] .s.d.r.c.RepositoryConfigurationDelegate : Finished Spring Data repository scanning in 110 ms. Found 15 JPA repository interfaces.
2026-03-16T12:44:36.176Z  INFO 1 --- [bff] [main] .s.d.r.c.RepositoryConfigurationDelegate : Multiple Spring Data modules found, entering strict repository configuration mode
2026-03-16T12:44:36.176Z  INFO 1 --- [bff] [main] .s.d.r.c.RepositoryConfigurationDelegate : Bootstrapping Spring Data JPA repositories in DEFAULT mode.
2026-03-16T12:44:36.185Z  INFO 1 --- [bff] [main] .s.d.r.c.RepositoryConfigurationDelegate : Finished Spring Data repository scanning in 8 ms. Found 5 JPA repository interfaces.
2026-03-16T12:44:36.188Z  INFO 1 --- [bff] [main] .s.d.r.c.RepositoryConfigurationDelegate : Multiple Spring Data modules found, entering strict repository configuration mode
2026-03-16T12:44:36.188Z  INFO 1 --- [bff] [main] .s.d.r.c.RepositoryConfigurationDelegate : Bootstrapping Spring Data JPA repositories in DEFAULT mode.
2026-03-16T12:44:36.196Z  INFO 1 --- [bff] [main] .s.d.r.c.RepositoryConfigurationDelegate : Finished Spring Data repository scanning in 5 ms. Found 1 JPA repository interface.
2026-03-16T12:44:36.604Z  INFO 1 --- [bff] [main] .s.d.r.c.RepositoryConfigurationDelegate : Multiple Spring Data modules found, entering strict repository configuration mode
2026-03-16T12:44:36.605Z  INFO 1 --- [bff] [main] .s.d.r.c.RepositoryConfigurationDelegate : Bootstrapping Spring Data Redis repositories in DEFAULT mode.
2026-03-16T12:44:36.630Z  INFO 1 --- [bff] [main] .RepositoryConfigurationExtensionSupport : Spring Data Redis - Could not safely identify store assignment for repository candidate interface br.com.sebratel.bff.repository.afetados.impl.UsuarioAfetadoJPARepository; If you want this repository to be a Redis repository, consider annotating your entities with one of these annotations: org.springframework.data.redis.core.RedisHash (preferred), or consider extending one of the following types with your repository: org.springframework.data.keyvalue.repository.KeyValueRepository
2026-03-16T12:44:36.632Z  INFO 1 --- [bff] [main] .RepositoryConfigurationExtensionSupport : Spring Data Redis - Could not safely identify store assignment for repository candidate interface br.com.sebratel.bff.repository.erp.AquisicaoRepository; If you want this repository to be a Redis repository, consider annotating your entities with one of these annotations: org.springframework.data.redis.core.RedisHash (preferred), or consider extending one of the following types with your repository: org.springframework.data.keyvalue.repository.KeyValueRepository
2026-03-16T12:44:36.633Z  INFO 1 --- [bff] [main] .RepositoryConfigurationExtensionSupport : Spring Data Redis - Could not safely identify store assignment for repository candidate interface br.com.sebratel.bff.repository.erp.ContractActivationRepository; If you want this repository to be a Redis repository, consider annotating your entities with one of these annotations: org.springframework.data.redis.core.RedisHash (preferred), or consider extending one of the following types with your repository: org.springframework.data.keyvalue.repository.KeyValueRepository
2026-03-16T12:44:36.634Z  INFO 1 --- [bff] [main] .RepositoryConfigurationExtensionSupport : Spring Data Redis - Could not safely identify store assignment for repository candidate interface br.com.sebratel.bff.repository.erp.ContractPaymentRepository; If you want this repository to be a Redis repository, consider annotating your entities with one of these annotations: org.springframework.data.redis.core.RedisHash (preferred), or consider extending one of the following types with your repository: org.springframework.data.keyvalue.repository.KeyValueRepository
2026-03-16T12:44:36.635Z  INFO 1 --- [bff] [main] .RepositoryConfigurationExtensionSupport : Spring Data Redis - Could not safely identify store assignment for repository candidate interface br.com.sebratel.bff.repository.erp.ContratoAtivacaoFaturaRepository; If you want this repository to be a Redis repository, consider annotating your entities with one of these annotations: org.springframework.data.redis.core.RedisHash (preferred), or consider extending one of the following types with your repository: org.springframework.data.keyvalue.repository.KeyValueRepository
2026-03-16T12:44:36.635Z  INFO 1 --- [bff] [main] .RepositoryConfigurationExtensionSupport : Spring Data Redis - Could not safely identify store assignment for repository candidate interface br.com.sebratel.bff.repository.erp.ContratoBloqueadoRepository; If you want this repository to be a Redis repository, consider annotating your entities with one of these annotations: org.springframework.data.redis.core.RedisHash (preferred), or consider extending one of the following types with your repository: org.springframework.data.keyvalue.repository.KeyValueRepository
2026-03-16T12:44:36.635Z  INFO 1 --- [bff] [main] .RepositoryConfigurationExtensionSupport : Spring Data Redis - Could not safely identify store assignment for repository candidate interface br.com.sebratel.bff.repository.erp.ContratoSemFaturaRepository; If you want this repository to be a Redis repository, consider annotating your entities with one of these annotations: org.springframework.data.redis.core.RedisHash (preferred), or consider extending one of the following types with your repository: org.springframework.data.keyvalue.repository.KeyValueRepository
2026-03-16T12:44:36.635Z  INFO 1 --- [bff] [main] .RepositoryConfigurationExtensionSupport : Spring Data Redis - Could not safely identify store assignment for repository candidate interface br.com.sebratel.bff.repository.erp.EstoqueRepository; If you want this repository to be a Redis repository, consider annotating your entities with one of these annotations: org.springframework.data.redis.core.RedisHash (preferred), or consider extending one of the following types with your repository: org.springframework.data.keyvalue.repository.KeyValueRepository
2026-03-16T12:44:36.635Z  INFO 1 --- [bff] [main] .RepositoryConfigurationExtensionSupport : Spring Data Redis - Could not safely identify store assignment for repository candidate interface br.com.sebratel.bff.repository.erp.MovimentacaoEstoqueRepository; If you want this repository to be a Redis repository, consider annotating your entities with one of these annotations: org.springframework.data.redis.core.RedisHash (preferred), or consider extending one of the following types with your repository: org.springframework.data.keyvalue.repository.KeyValueRepository
2026-03-16T12:44:36.636Z  INFO 1 --- [bff] [main] .RepositoryConfigurationExtensionSupport : Spring Data Redis - Could not safely identify store assignment for repository candidate interface br.com.sebratel.bff.repository.erp.PatrimonioPendenteRepository; If you want this repository to be a Redis repository, consider annotating your entities with one of these annotations: org.springframework.data.redis.core.RedisHash (preferred), or consider extending one of the following types with your repository: org.springframework.data.keyvalue.repository.KeyValueRepository
2026-03-16T12:44:36.636Z  INFO 1 --- [bff] [main] .RepositoryConfigurationExtensionSupport : Spring Data Redis - Could not safely identify store assignment for repository candidate interface br.com.sebratel.bff.repository.erp.PlanoRepository; If you want this repository to be a Redis repository, consider annotating your entities with one of these annotations: org.springframework.data.redis.core.RedisHash (preferred), or consider extending one of the following types with your repository: org.springframework.data.keyvalue.repository.KeyValueRepository
2026-03-16T12:44:36.636Z  INFO 1 --- [bff] [main] .RepositoryConfigurationExtensionSupport : Spring Data Redis - Could not safely identify store assignment for repository candidate interface br.com.sebratel.bff.repository.erp.RecuperarTodasAsMassivasPeloBancoRepository; If you want this repository to be a Redis repository, consider annotating your entities with one of these annotations: org.springframework.data.redis.core.RedisHash (preferred), or consider extending one of the following types with your repository: org.springframework.data.keyvalue.repository.KeyValueRepository
2026-03-16T12:44:36.636Z  INFO 1 --- [bff] [main] .RepositoryConfigurationExtensionSupport : Spring Data Redis - Could not safely identify store assignment for repository candidate interface br.com.sebratel.bff.repository.erp.RelatorioClienteNomeDuplicadoRepository; If you want this repository to be a Redis repository, consider annotating your entities with one of these annotations: org.springframework.data.redis.core.RedisHash (preferred), or consider extending one of the following types with your repository: org.springframework.data.keyvalue.repository.KeyValueRepository
2026-03-16T12:44:36.637Z  INFO 1 --- [bff] [main] .RepositoryConfigurationExtensionSupport : Spring Data Redis - Could not safely identify store assignment for repository candidate interface br.com.sebratel.bff.repository.erp.VendedoresAtivosRepository; If you want this repository to be a Redis repository, consider annotating your entities with one of these annotations: org.springframework.data.redis.core.RedisHash (preferred), or consider extending one of the following types with your repository: org.springframework.data.keyvalue.repository.KeyValueRepository
2026-03-16T12:44:36.638Z  INFO 1 --- [bff] [main] .RepositoryConfigurationExtensionSupport : Spring Data Redis - Could not safely identify store assignment for repository candidate interface br.com.sebratel.bff.repository.erp.comercial.ContratoPersonalizadoRepository; If you want this repository to be a Redis repository, consider annotating your entities with one of these annotations: org.springframework.data.redis.core.RedisHash (preferred), or consider extending one of the following types with your repository: org.springframework.data.keyvalue.repository.KeyValueRepository
2026-03-16T12:44:36.638Z  INFO 1 --- [bff] [main] .RepositoryConfigurationExtensionSupport : Spring Data Redis - Could not safely identify store assignment for repository candidate interface br.com.sebratel.bff.repository.erp.comercial.RelatorioPlanilhaRepository; If you want this repository to be a Redis repository, consider annotating your entities with one of these annotations: org.springframework.data.redis.core.RedisHash (preferred), or consider extending one of the following types with your repository: org.springframework.data.keyvalue.repository.KeyValueRepository
2026-03-16T12:44:36.638Z  INFO 1 --- [bff] [main] .RepositoryConfigurationExtensionSupport : Spring Data Redis - Could not safely identify store assignment for repository candidate interface br.com.sebratel.bff.repository.radius.ConsumoRepository; If you want this repository to be a Redis repository, consider annotating your entities with one of these annotations: org.springframework.data.redis.core.RedisHash (preferred), or consider extending one of the following types with your repository: org.springframework.data.keyvalue.repository.KeyValueRepository
2026-03-16T12:44:36.638Z  INFO 1 --- [bff] [main] .RepositoryConfigurationExtensionSupport : Spring Data Redis - Could not safely identify store assignment for repository candidate interface br.com.sebratel.bff.repository.radius.DuplicateCallingStationRepository; If you want this repository to be a Redis repository, consider annotating your entities with one of these annotations: org.springframework.data.redis.core.RedisHash (preferred), or consider extending one of the following types with your repository: org.springframework.data.keyvalue.repository.KeyValueRepository
2026-03-16T12:44:36.639Z  INFO 1 --- [bff] [main] .RepositoryConfigurationExtensionSupport : Spring Data Redis - Could not safely identify store assignment for repository candidate interface br.com.sebratel.bff.repository.radius.DuplicatePrefixRepository; If you want this repository to be a Redis repository, consider annotating your entities with one of these annotations: org.springframework.data.redis.core.RedisHash (preferred), or consider extending one of the following types with your repository: org.springframework.data.keyvalue.repository.KeyValueRepository
2026-03-16T12:44:36.639Z  INFO 1 --- [bff] [main] .RepositoryConfigurationExtensionSupport : Spring Data Redis - Could not safely identify store assignment for repository candidate interface br.com.sebratel.bff.repository.radius.FirstAuthenticationRepository; If you want this repository to be a Redis repository, consider annotating your entities with one of these annotations: org.springframework.data.redis.core.RedisHash (preferred), or consider extending one of the following types with your repository: org.springframework.data.keyvalue.repository.KeyValueRepository
2026-03-16T12:44:36.639Z  INFO 1 --- [bff] [main] .RepositoryConfigurationExtensionSupport : Spring Data Redis - Could not safely identify store assignment for repository candidate interface br.com.sebratel.bff.repository.radius.UltimaConexaoRepository; If you want this repository to be a Redis repository, consider annotating your entities with one of these annotations: org.springframework.data.redis.core.RedisHash (preferred), or consider extending one of the following types with your repository: org.springframework.data.keyvalue.repository.KeyValueRepository
2026-03-16T12:44:36.640Z  INFO 1 --- [bff] [main] .s.d.r.c.RepositoryConfigurationDelegate : Finished Spring Data repository scanning in 25 ms. Found 0 Redis repository interfaces.
2026-03-16T12:44:37.315Z  INFO 1 --- [bff] [main] o.s.b.w.embedded.tomcat.TomcatWebServer  : Tomcat initialized with port 8085 (http)
2026-03-16T12:44:37.334Z  INFO 1 --- [bff] [main] o.apache.catalina.core.StandardService   : Starting service [Tomcat]
2026-03-16T12:44:37.335Z  INFO 1 --- [bff] [main] o.apache.catalina.core.StandardEngine    : Starting Servlet engine: [Apache Tomcat/10.1.36]
2026-03-16T12:44:37.371Z  INFO 1 --- [bff] [main] o.a.c.c.C.[Tomcat].[localhost].[/]       : Initializing Spring embedded WebApplicationContext
2026-03-16T12:44:37.371Z  INFO 1 --- [bff] [main] w.s.c.ServletWebServerApplicationContext : Root WebApplicationContext: initialization completed in 1948 ms
2026-03-16T12:44:37.776Z  INFO 1 --- [bff] [main] com.zaxxer.hikari.HikariDataSource       : HikariPool-1 - Starting...
2026-03-16T12:44:38.096Z  INFO 1 --- [bff] [main] com.zaxxer.hikari.pool.HikariPool        : HikariPool-1 - Added connection org.postgresql.jdbc.PgConnection@1a3c4b3e
2026-03-16T12:44:38.098Z  INFO 1 --- [bff] [main] com.zaxxer.hikari.HikariDataSource       : HikariPool-1 - Start completed.
2026-03-16T12:44:38.135Z  INFO 1 --- [bff] [main] o.hibernate.jpa.internal.util.LogHelper  : HHH000204: Processing PersistenceUnitInfo [name: erp]
2026-03-16T12:44:38.174Z  INFO 1 --- [bff] [main] org.hibernate.Version                    : HHH000412: Hibernate ORM core version 6.6.8.Final
2026-03-16T12:44:38.197Z  INFO 1 --- [bff] [main] o.h.c.internal.RegionFactoryInitiator    : HHH000026: Second-level cache disabled
2026-03-16T12:44:38.396Z  INFO 1 --- [bff] [main] o.s.o.j.p.SpringPersistenceUnitInfo      : No LoadTimeWeaver setup: ignoring JPA class transformer
2026-03-16T12:44:38.444Z  WARN 1 --- [bff] [main] org.hibernate.orm.deprecation            : HHH90000025: PostgreSQLDialect does not need to be specified explicitly using 'hibernate.dialect' (remove the property setting and it will be selected by default)
2026-03-16T12:44:38.465Z  INFO 1 --- [bff] [main] org.hibernate.orm.connections.pooling    : HHH10001005: Database info:
	Database JDBC URL [Connecting through datasource 'HikariDataSource (HikariPool-1)']
	Database driver: undefined/unknown
	Database version: 13.3
	Autocommit mode: undefined/unknown
	Isolation level: undefined/unknown
	Minimum pool size: undefined/unknown
	Maximum pool size: undefined/unknown
2026-03-16T12:44:39.111Z  INFO 1 --- [bff] [main] o.h.e.t.j.p.i.JtaPlatformInitiator       : HHH000489: No JTA platform available (set 'hibernate.transaction.jta.platform' to enable JTA platform integration)
2026-03-16T12:44:39.113Z  INFO 1 --- [bff] [main] j.LocalContainerEntityManagerFactoryBean : Initialized JPA EntityManagerFactory for persistence unit 'erp'
2026-03-16T12:44:39.131Z  INFO 1 --- [bff] [main] o.hibernate.jpa.internal.util.LogHelper  : HHH000204: Processing PersistenceUnitInfo [name: radius]
2026-03-16T12:44:39.137Z  INFO 1 --- [bff] [main] o.h.c.internal.RegionFactoryInitiator    : HHH000026: Second-level cache disabled
2026-03-16T12:44:39.148Z  INFO 1 --- [bff] [main] o.s.o.j.p.SpringPersistenceUnitInfo      : No LoadTimeWeaver setup: ignoring JPA class transformer
2026-03-16T12:44:39.150Z  INFO 1 --- [bff] [main] com.zaxxer.hikari.HikariDataSource       : HikariPool-2 - Starting...
2026-03-16T12:44:39.216Z  INFO 1 --- [bff] [main] com.zaxxer.hikari.pool.HikariPool        : HikariPool-2 - Added connection org.postgresql.jdbc.PgConnection@5f606ab6
2026-03-16T12:44:39.216Z  INFO 1 --- [bff] [main] com.zaxxer.hikari.HikariDataSource       : HikariPool-2 - Start completed.
2026-03-16T12:44:39.226Z  WARN 1 --- [bff] [main] org.hibernate.orm.deprecation            : HHH90000025: PostgreSQLDialect does not need to be specified explicitly using 'hibernate.dialect' (remove the property setting and it will be selected by default)
2026-03-16T12:44:39.234Z  INFO 1 --- [bff] [main] org.hibernate.orm.connections.pooling    : HHH10001005: Database info:
	Database JDBC URL [Connecting through datasource 'HikariDataSource (HikariPool-2)']
	Database driver: undefined/unknown
	Database version: 12.12
	Autocommit mode: undefined/unknown
	Isolation level: undefined/unknown
	Minimum pool size: undefined/unknown
	Maximum pool size: undefined/unknown
2026-03-16T12:44:39.296Z  INFO 1 --- [bff] [main] o.h.e.t.j.p.i.JtaPlatformInitiator       : HHH000489: No JTA platform available (set 'hibernate.transaction.jta.platform' to enable JTA platform integration)
2026-03-16T12:44:39.297Z  INFO 1 --- [bff] [main] j.LocalContainerEntityManagerFactoryBean : Initialized JPA EntityManagerFactory for persistence unit 'radius'
2026-03-16T12:44:39.304Z  INFO 1 --- [bff] [main] o.hibernate.jpa.internal.util.LogHelper  : HHH000204: Processing PersistenceUnitInfo [name: afetados]
2026-03-16T12:44:39.311Z  INFO 1 --- [bff] [main] o.h.c.internal.RegionFactoryInitiator    : HHH000026: Second-level cache disabled
2026-03-16T12:44:39.318Z  INFO 1 --- [bff] [main] o.s.o.j.p.SpringPersistenceUnitInfo      : No LoadTimeWeaver setup: ignoring JPA class transformer
2026-03-16T12:44:39.320Z  INFO 1 --- [bff] [main] com.zaxxer.hikari.HikariDataSource       : HikariPool-3 - Starting...
2026-03-16T12:44:39.404Z  INFO 1 --- [bff] [main] com.zaxxer.hikari.pool.HikariPool        : HikariPool-3 - Added connection org.mariadb.jdbc.Connection@1738d3b2
2026-03-16T12:44:39.405Z  INFO 1 --- [bff] [main] com.zaxxer.hikari.HikariDataSource       : HikariPool-3 - Start completed.
2026-03-16T12:44:39.420Z  WARN 1 --- [bff] [main] org.hibernate.orm.deprecation            : HHH90000025: MariaDBDialect does not need to be specified explicitly using 'hibernate.dialect' (remove the property setting and it will be selected by default)
2026-03-16T12:44:39.424Z  INFO 1 --- [bff] [main] org.hibernate.orm.connections.pooling    : HHH10001005: Database info:
	Database JDBC URL [Connecting through datasource 'HikariDataSource (HikariPool-3)']
	Database driver: undefined/unknown
	Database version: 10.11.10
	Autocommit mode: undefined/unknown
	Isolation level: undefined/unknown
	Minimum pool size: undefined/unknown
	Maximum pool size: undefined/unknown
2026-03-16T12:44:39.485Z  INFO 1 --- [bff] [main] o.h.e.t.j.p.i.JtaPlatformInitiator       : HHH000489: No JTA platform available (set 'hibernate.transaction.jta.platform' to enable JTA platform integration)
2026-03-16T12:44:39.485Z  INFO 1 --- [bff] [main] j.LocalContainerEntityManagerFactoryBean : Initialized JPA EntityManagerFactory for persistence unit 'afetados'
2026-03-16T12:44:39.755Z  INFO 1 --- [bff] [main] o.s.d.j.r.query.QueryEnhancerFactory     : Hibernate is in classpath; If applicable, HQL parser will be used.
2026-03-16T12:44:40.475Z  WARN 1 --- [bff] [main] JpaBaseConfiguration$JpaWebConfiguration : spring.jpa.open-in-view is enabled by default. Therefore, database queries may be performed during view rendering. Explicitly configure spring.jpa.open-in-view to disable this warning
2026-03-16T12:44:40.501Z  INFO 1 --- [bff] [main] r$InitializeUserDetailsManagerConfigurer : Global AuthenticationManager configured with UserDetailsService bean with name inMemoryUserDetailsManager
2026-03-16T12:44:41.083Z  INFO 1 --- [bff] [main] o.s.b.w.embedded.tomcat.TomcatWebServer  : Tomcat started on port 8085 (http) with context path '/'
2026-03-16T12:44:41.096Z  INFO 1 --- [bff] [main] br.com.sebratel.bff.BffApplication       : Started BffApplication in 6.256 seconds (process running for 6.973)
2026-03-16T12:44:43.624Z  INFO 1 --- [bff] [http-nio-8085-exec-1] o.a.c.c.C.[Tomcat].[localhost].[/]       : Initializing Spring DispatcherServlet 'dispatcherServlet'
2026-03-16T12:44:43.625Z  INFO 1 --- [bff] [http-nio-8085-exec-1] o.s.web.servlet.DispatcherServlet        : Initializing Servlet 'dispatcherServlet'
2026-03-16T12:44:43.626Z  INFO 1 --- [bff] [http-nio-8085-exec-1] o.s.web.servlet.DispatcherServlet        : Completed initialization in 1 ms
2026-03-16T12:45:24.093Z  INFO 1 --- [bff] [http-nio-8085-exec-2] b.c.s.b.c.UsuarioAfetadoController       : Iniciando alteração de data de finalização para o protocolo: 556
2026-03-16T12:45:24.123Z  INFO 1 --- [bff] [http-nio-8085-exec-2] b.c.s.bff.service.UsuarioAfetadoService  : Alterando data estimada para finalização
2026-03-16T12:45:24.375Z  WARN 1 --- [bff] [http-nio-8085-exec-2] o.h.engine.jdbc.spi.SqlExceptionHelper   : SQL Error: 0, SQLState: null
2026-03-16T12:45:24.375Z ERROR 1 --- [bff] [http-nio-8085-exec-2] o.h.engine.jdbc.spi.SqlExceptionHelper   : PrepareStatement.executeQuery() command does NOT return a result-set as expected. Either use PrepareStatement.execute(), PrepareStatement.executeUpdate(), or correct command
2026-03-16T12:45:24.389Z ERROR 1 --- [bff] [http-nio-8085-exec-2] b.c.s.b.c.UsuarioAfetadoController       : Erro ao alterar data de finalização para o protocolo 556: JDBC exception executing SQL [UPDATE assignment_clients SET finish_date = ?  WHERE protocol_id = ?] [PrepareStatement.executeQuery() command does NOT return a result-set as expected. Either use PrepareStatement.execute(), PrepareStatement.executeUpdate(), or correct command] [n/a]

org.springframework.orm.jpa.JpaSystemException: JDBC exception executing SQL [UPDATE assignment_clients SET finish_date = ?  WHERE protocol_id = ?] [PrepareStatement.executeQuery() command does NOT return a result-set as expected. Either use PrepareStatement.execute(), PrepareStatement.executeUpdate(), or correct command] [n/a]
	at org.springframework.orm.jpa.vendor.HibernateJpaDialect.convertHibernateAccessException(HibernateJpaDialect.java:341) ~[spring-orm-6.2.3.jar!/:6.2.3]
	at org.springframework.orm.jpa.vendor.HibernateJpaDialect.translateExceptionIfPossible(HibernateJpaDialect.java:241) ~[spring-orm-6.2.3.jar!/:6.2.3]
	at org.springframework.orm.jpa.AbstractEntityManagerFactoryBean.translateExceptionIfPossible(AbstractEntityManagerFactoryBean.java:560) ~[spring-orm-6.2.3.jar!/:6.2.3]
	at org.springframework.dao.support.ChainedPersistenceExceptionTranslator.translateExceptionIfPossible(ChainedPersistenceExceptionTranslator.java:61) ~[spring-tx-6.2.3.jar!/:6.2.3]
	at org.springframework.dao.support.DataAccessUtils.translateIfNecessary(DataAccessUtils.java:343) ~[spring-tx-6.2.3.jar!/:6.2.3]
	at org.springframework.dao.support.PersistenceExceptionTranslationInterceptor.invoke(PersistenceExceptionTranslationInterceptor.java:160) ~[spring-tx-6.2.3.jar!/:6.2.3]
	at org.springframework.aop.framework.ReflectiveMethodInvocation.proceed(ReflectiveMethodInvocation.java:184) ~[spring-aop-6.2.3.jar!/:6.2.3]
	at org.springframework.data.jpa.repository.support.CrudMethodMetadataPostProcessor$CrudMethodMetadataPopulatingMethodInterceptor.invoke(CrudMethodMetadataPostProcessor.java:136) ~[spring-data-jpa-3.4.3.jar!/:3.4.3]
	at org.springframework.aop.framework.ReflectiveMethodInvocation.proceed(ReflectiveMethodInvocation.java:184) ~[spring-aop-6.2.3.jar!/:6.2.3]
	at org.springframework.aop.framework.JdkDynamicAopProxy.invoke(JdkDynamicAopProxy.java:223) ~[spring-aop-6.2.3.jar!/:6.2.3]
	at jdk.proxy2/jdk.proxy2.$Proxy173.updateUsersByProtocol(Unknown Source) ~[na:na]
	at br.com.sebratel.bff.repository.afetados.impl.UsuarioAfetadoRepositoryImpl.updateUsersByProtocol(UsuarioAfetadoRepositoryImpl.java:49) ~[!/:1.0.0-SNAPSHOT]
	at java.base/jdk.internal.reflect.DirectMethodHandleAccessor.invoke(Unknown Source) ~[na:na]
	at java.base/java.lang.reflect.Method.invoke(Unknown Source) ~[na:na]
	at org.springframework.aop.support.AopUtils.invokeJoinpointUsingReflection(AopUtils.java:359) ~[spring-aop-6.2.3.jar!/:6.2.3]
	at org.springframework.aop.framework.ReflectiveMethodInvocation.invokeJoinpoint(ReflectiveMethodInvocation.java:196) ~[spring-aop-6.2.3.jar!/:6.2.3]
	at org.springframework.aop.framework.ReflectiveMethodInvocation.proceed(ReflectiveMethodInvocation.java:163) ~[spring-aop-6.2.3.jar!/:6.2.3]
	at org.springframework.dao.support.PersistenceExceptionTranslationInterceptor.invoke(PersistenceExceptionTranslationInterceptor.java:138) ~[spring-tx-6.2.3.jar!/:6.2.3]
	at org.springframework.aop.framework.ReflectiveMethodInvocation.proceed(ReflectiveMethodInvocation.java:184) ~[spring-aop-6.2.3.jar!/:6.2.3]
	at org.springframework.aop.framework.CglibAopProxy$DynamicAdvisedInterceptor.intercept(CglibAopProxy.java:727) ~[spring-aop-6.2.3.jar!/:6.2.3]
	at br.com.sebratel.bff.repository.afetados.impl.UsuarioAfetadoRepositoryImpl$$SpringCGLIB$$0.updateUsersByProtocol(<generated>) ~[!/:1.0.0-SNAPSHOT]
	at br.com.sebratel.bff.service.UsuarioAfetadoService.alterarDataEstimadaParaFinalizacao(UsuarioAfetadoService.java:91) ~[!/:1.0.0-SNAPSHOT]
	at java.base/jdk.internal.reflect.DirectMethodHandleAccessor.invoke(Unknown Source) ~[na:na]
	at java.base/java.lang.reflect.Method.invoke(Unknown Source) ~[na:na]
	at org.springframework.aop.support.AopUtils.invokeJoinpointUsingReflection(AopUtils.java:359) ~[spring-aop-6.2.3.jar!/:6.2.3]
	at org.springframework.aop.framework.ReflectiveMethodInvocation.invokeJoinpoint(ReflectiveMethodInvocation.java:196) ~[spring-aop-6.2.3.jar!/:6.2.3]
	at org.springframework.aop.framework.ReflectiveMethodInvocation.proceed(ReflectiveMethodInvocation.java:163) ~[spring-aop-6.2.3.jar!/:6.2.3]
	at org.springframework.transaction.interceptor.TransactionAspectSupport.invokeWithinTransaction(TransactionAspectSupport.java:380) ~[spring-tx-6.2.3.jar!/:6.2.3]
	at org.springframework.transaction.interceptor.TransactionInterceptor.invoke(TransactionInterceptor.java:119) ~[spring-tx-6.2.3.jar!/:6.2.3]
	at org.springframework.aop.framework.ReflectiveMethodInvocation.proceed(ReflectiveMethodInvocation.java:184) ~[spring-aop-6.2.3.jar!/:6.2.3]
	at org.springframework.aop.framework.CglibAopProxy$DynamicAdvisedInterceptor.intercept(CglibAopProxy.java:727) ~[spring-aop-6.2.3.jar!/:6.2.3]
	at br.com.sebratel.bff.service.UsuarioAfetadoService$$SpringCGLIB$$0.alterarDataEstimadaParaFinalizacao(<generated>) ~[!/:1.0.0-SNAPSHOT]
	at br.com.sebratel.bff.controller.UsuarioAfetadoController.alterarDataDeFinalizacaoPorProtocolo(UsuarioAfetadoController.java:176) ~[!/:1.0.0-SNAPSHOT]
	at java.base/jdk.internal.reflect.DirectMethodHandleAccessor.invoke(Unknown Source) ~[na:na]
	at java.base/java.lang.reflect.Method.invoke(Unknown Source) ~[na:na]
	at org.springframework.web.method.support.InvocableHandlerMethod.doInvoke(InvocableHandlerMethod.java:257) ~[spring-web-6.2.3.jar!/:6.2.3]
	at org.springframework.web.method.support.InvocableHandlerMethod.invokeForRequest(InvocableHandlerMethod.java:190) ~[spring-web-6.2.3.jar!/:6.2.3]
	at org.springframework.web.servlet.mvc.method.annotation.ServletInvocableHandlerMethod.invokeAndHandle(ServletInvocableHandlerMethod.java:118) ~[spring-webmvc-6.2.3.jar!/:6.2.3]
	at org.springframework.web.servlet.mvc.method.annotation.RequestMappingHandlerAdapter.invokeHandlerMethod(RequestMappingHandlerAdapter.java:986) ~[spring-webmvc-6.2.3.jar!/:6.2.3]
	at org.springframework.web.servlet.mvc.method.annotation.RequestMappingHandlerAdapter.handleInternal(RequestMappingHandlerAdapter.java:891) ~[spring-webmvc-6.2.3.jar!/:6.2.3]
	at org.springframework.web.servlet.mvc.method.AbstractHandlerMethodAdapter.handle(AbstractHandlerMethodAdapter.java:87) ~[spring-webmvc-6.2.3.jar!/:6.2.3]
	at org.springframework.web.servlet.DispatcherServlet.doDispatch(DispatcherServlet.java:1088) ~[spring-webmvc-6.2.3.jar!/:6.2.3]
	at org.springframework.web.servlet.DispatcherServlet.doService(DispatcherServlet.java:978) ~[spring-webmvc-6.2.3.jar!/:6.2.3]
	at org.springframework.web.servlet.FrameworkServlet.processRequest(FrameworkServlet.java:1014) ~[spring-webmvc-6.2.3.jar!/:6.2.3]
	at org.springframework.web.servlet.FrameworkServlet.service(FrameworkServlet.java:888) ~[spring-webmvc-6.2.3.jar!/:6.2.3]
	at jakarta.servlet.http.HttpServlet.service(HttpServlet.java:658) ~[tomcat-embed-core-10.1.36.jar!/:na]
	at org.apache.catalina.core.ApplicationFilterChain.internalDoFilter(ApplicationFilterChain.java:195) ~[tomcat-embed-core-10.1.36.jar!/:na]
	at org.apache.catalina.core.ApplicationFilterChain.doFilter(ApplicationFilterChain.java:140) ~[tomcat-embed-core-10.1.36.jar!/:na]
	at org.apache.tomcat.websocket.server.WsFilter.doFilter(WsFilter.java:51) ~[tomcat-embed-websocket-10.1.36.jar!/:na]
	at org.apache.catalina.core.ApplicationFilterChain.internalDoFilter(ApplicationFilterChain.java:164) ~[tomcat-embed-core-10.1.36.jar!/:na]
	at org.apache.catalina.core.ApplicationFilterChain.doFilter(ApplicationFilterChain.java:140) ~[tomcat-embed-core-10.1.36.jar!/:na]
	at org.springframework.web.filter.CompositeFilter$VirtualFilterChain.doFilter(CompositeFilter.java:108) ~[spring-web-6.2.3.jar!/:6.2.3]
	at org.springframework.security.web.FilterChainProxy.lambda$doFilterInternal$3(FilterChainProxy.java:231) ~[spring-security-web-6.4.3.jar!/:6.4.3]
	at org.springframework.security.web.FilterChainProxy$VirtualFilterChain.doFilter(FilterChainProxy.java:365) ~[spring-security-web-6.4.3.jar!/:6.4.3]
	at org.springframework.security.web.access.intercept.AuthorizationFilter.doFilter(AuthorizationFilter.java:101) ~[spring-security-web-6.4.3.jar!/:6.4.3]
	at org.springframework.security.web.FilterChainProxy$VirtualFilterChain.doFilter(FilterChainProxy.java:374) ~[spring-security-web-6.4.3.jar!/:6.4.3]
	at org.springframework.security.web.access.ExceptionTranslationFilter.doFilter(ExceptionTranslationFilter.java:126) ~[spring-security-web-6.4.3.jar!/:6.4.3]
	at org.springframework.security.web.access.ExceptionTranslationFilter.doFilter(ExceptionTranslationFilter.java:120) ~[spring-security-web-6.4.3.jar!/:6.4.3]
	at org.springframework.security.web.FilterChainProxy$VirtualFilterChain.doFilter(FilterChainProxy.java:374) ~[spring-security-web-6.4.3.jar!/:6.4.3]
	at org.springframework.security.web.authentication.AnonymousAuthenticationFilter.doFilter(AnonymousAuthenticationFilter.java:100) ~[spring-security-web-6.4.3.jar!/:6.4.3]
	at org.springframework.security.web.FilterChainProxy$VirtualFilterChain.doFilter(FilterChainProxy.java:374) ~[spring-security-web-6.4.3.jar!/:6.4.3]
	at org.springframework.security.web.servletapi.SecurityContextHolderAwareRequestFilter.doFilter(SecurityContextHolderAwareRequestFilter.java:179) ~[spring-security-web-6.4.3.jar!/:6.4.3]
	at org.springframework.security.web.FilterChainProxy$VirtualFilterChain.doFilter(FilterChainProxy.java:374) ~[spring-security-web-6.4.3.jar!/:6.4.3]
	at org.springframework.security.web.savedrequest.RequestCacheAwareFilter.doFilter(RequestCacheAwareFilter.java:63) ~[spring-security-web-6.4.3.jar!/:6.4.3]
	at org.springframework.security.web.FilterChainProxy$VirtualFilterChain.doFilter(FilterChainProxy.java:374) ~[spring-security-web-6.4.3.jar!/:6.4.3]
	at org.springframework.security.web.authentication.logout.LogoutFilter.doFilter(LogoutFilter.java:107) ~[spring-security-web-6.4.3.jar!/:6.4.3]
	at org.springframework.security.web.authentication.logout.LogoutFilter.doFilter(LogoutFilter.java:93) ~[spring-security-web-6.4.3.jar!/:6.4.3]
	at org.springframework.security.web.FilterChainProxy$VirtualFilterChain.doFilter(FilterChainProxy.java:374) ~[spring-security-web-6.4.3.jar!/:6.4.3]
	at org.springframework.web.filter.CorsFilter.doFilterInternal(CorsFilter.java:91) ~[spring-web-6.2.3.jar!/:6.2.3]
	at org.springframework.web.filter.OncePerRequestFilter.doFilter(OncePerRequestFilter.java:116) ~[spring-web-6.2.3.jar!/:6.2.3]
	at org.springframework.security.web.FilterChainProxy$VirtualFilterChain.doFilter(FilterChainProxy.java:374) ~[spring-security-web-6.4.3.jar!/:6.4.3]
	at org.springframework.security.web.header.HeaderWriterFilter.doHeadersAfter(HeaderWriterFilter.java:90) ~[spring-security-web-6.4.3.jar!/:6.4.3]
	at org.springframework.security.web.header.HeaderWriterFilter.doFilterInternal(HeaderWriterFilter.java:75) ~[spring-security-web-6.4.3.jar!/:6.4.3]
	at org.springframework.web.filter.OncePerRequestFilter.doFilter(OncePerRequestFilter.java:116) ~[spring-web-6.2.3.jar!/:6.2.3]
	at org.springframework.security.web.FilterChainProxy$VirtualFilterChain.doFilter(FilterChainProxy.java:374) ~[spring-security-web-6.4.3.jar!/:6.4.3]
	at org.springframework.security.web.context.SecurityContextHolderFilter.doFilter(SecurityContextHolderFilter.java:82) ~[spring-security-web-6.4.3.jar!/:6.4.3]
	at org.springframework.security.web.context.SecurityContextHolderFilter.doFilter(SecurityContextHolderFilter.java:69) ~[spring-security-web-6.4.3.jar!/:6.4.3]
	at org.springframework.security.web.FilterChainProxy$VirtualFilterChain.doFilter(FilterChainProxy.java:374) ~[spring-security-web-6.4.3.jar!/:6.4.3]
	at org.springframework.security.web.context.request.async.WebAsyncManagerIntegrationFilter.doFilterInternal(WebAsyncManagerIntegrationFilter.java:62) ~[spring-security-web-6.4.3.jar!/:6.4.3]
	at org.springframework.web.filter.OncePerRequestFilter.doFilter(OncePerRequestFilter.java:116) ~[spring-web-6.2.3.jar!/:6.2.3]
	at org.springframework.security.web.FilterChainProxy$VirtualFilterChain.doFilter(FilterChainProxy.java:374) ~[spring-security-web-6.4.3.jar!/:6.4.3]
	at org.springframework.security.web.session.DisableEncodeUrlFilter.doFilterInternal(DisableEncodeUrlFilter.java:42) ~[spring-security-web-6.4.3.jar!/:6.4.3]
	at org.springframework.web.filter.OncePerRequestFilter.doFilter(OncePerRequestFilter.java:116) ~[spring-web-6.2.3.jar!/:6.2.3]
	at org.springframework.security.web.FilterChainProxy$VirtualFilterChain.doFilter(FilterChainProxy.java:374) ~[spring-security-web-6.4.3.jar!/:6.4.3]
	at org.springframework.security.web.FilterChainProxy.doFilterInternal(FilterChainProxy.java:233) ~[spring-security-web-6.4.3.jar!/:6.4.3]
	at org.springframework.security.web.FilterChainProxy.doFilter(FilterChainProxy.java:191) ~[spring-security-web-6.4.3.jar!/:6.4.3]
	at org.springframework.web.filter.CompositeFilter$VirtualFilterChain.doFilter(CompositeFilter.java:113) ~[spring-web-6.2.3.jar!/:6.2.3]
	at org.springframework.web.servlet.handler.HandlerMappingIntrospector.lambda$createCacheFilter$3(HandlerMappingIntrospector.java:243) ~[spring-webmvc-6.2.3.jar!/:6.2.3]
	at org.springframework.web.filter.CompositeFilter$VirtualFilterChain.doFilter(CompositeFilter.java:113) ~[spring-web-6.2.3.jar!/:6.2.3]
	at org.springframework.web.filter.CompositeFilter.doFilter(CompositeFilter.java:74) ~[spring-web-6.2.3.jar!/:6.2.3]
	at org.springframework.security.config.annotation.web.configuration.WebMvcSecurityConfiguration$CompositeFilterChainProxy.doFilter(WebMvcSecurityConfiguration.java:238) ~[spring-security-config-6.4.3.jar!/:6.4.3]
	at org.springframework.web.filter.DelegatingFilterProxy.invokeDelegate(DelegatingFilterProxy.java:362) ~[spring-web-6.2.3.jar!/:6.2.3]
	at org.springframework.web.filter.DelegatingFilterProxy.doFilter(DelegatingFilterProxy.java:278) ~[spring-web-6.2.3.jar!/:6.2.3]
	at org.apache.catalina.core.ApplicationFilterChain.internalDoFilter(ApplicationFilterChain.java:164) ~[tomcat-embed-core-10.1.36.jar!/:na]
	at org.apache.catalina.core.ApplicationFilterChain.doFilter(ApplicationFilterChain.java:140) ~[tomcat-embed-core-10.1.36.jar!/:na]
	at org.springframework.web.filter.RequestContextFilter.doFilterInternal(RequestContextFilter.java:100) ~[spring-web-6.2.3.jar!/:6.2.3]
	at org.springframework.web.filter.OncePerRequestFilter.doFilter(OncePerRequestFilter.java:116) ~[spring-web-6.2.3.jar!/:6.2.3]
	at org.apache.catalina.core.ApplicationFilterChain.internalDoFilter(ApplicationFilterChain.java:164) ~[tomcat-embed-core-10.1.36.jar!/:na]
	at org.apache.catalina.core.ApplicationFilterChain.doFilter(ApplicationFilterChain.java:140) ~[tomcat-embed-core-10.1.36.jar!/:na]
	at org.springframework.web.filter.FormContentFilter.doFilterInternal(FormContentFilter.java:93) ~[spring-web-6.2.3.jar!/:6.2.3]
	at org.springframework.web.filter.OncePerRequestFilter.doFilter(OncePerRequestFilter.java:116) ~[spring-web-6.2.3.jar!/:6.2.3]
	at org.apache.catalina.core.ApplicationFilterChain.internalDoFilter(ApplicationFilterChain.java:164) ~[tomcat-embed-core-10.1.36.jar!/:na]
	at org.apache.catalina.core.ApplicationFilterChain.doFilter(ApplicationFilterChain.java:140) ~[tomcat-embed-core-10.1.36.jar!/:na]
	at org.springframework.web.filter.CharacterEncodingFilter.doFilterInternal(CharacterEncodingFilter.java:201) ~[spring-web-6.2.3.jar!/:6.2.3]
	at org.springframework.web.filter.OncePerRequestFilter.doFilter(OncePerRequestFilter.java:116) ~[spring-web-6.2.3.jar!/:6.2.3]
	at org.apache.catalina.core.ApplicationFilterChain.internalDoFilter(ApplicationFilterChain.java:164) ~[tomcat-embed-core-10.1.36.jar!/:na]
	at org.apache.catalina.core.ApplicationFilterChain.doFilter(ApplicationFilterChain.java:140) ~[tomcat-embed-core-10.1.36.jar!/:na]
	at org.apache.catalina.core.StandardWrapperValve.invoke(StandardWrapperValve.java:167) ~[tomcat-embed-core-10.1.36.jar!/:na]
	at org.apache.catalina.core.StandardContextValve.invoke(StandardContextValve.java:90) ~[tomcat-embed-core-10.1.36.jar!/:na]
	at org.apache.catalina.authenticator.AuthenticatorBase.invoke(AuthenticatorBase.java:483) ~[tomcat-embed-core-10.1.36.jar!/:na]
	at org.apache.catalina.core.StandardHostValve.invoke(StandardHostValve.java:115) ~[tomcat-embed-core-10.1.36.jar!/:na]
	at org.apache.catalina.valves.ErrorReportValve.invoke(ErrorReportValve.java:93) ~[tomcat-embed-core-10.1.36.jar!/:na]
	at org.apache.catalina.core.StandardEngineValve.invoke(StandardEngineValve.java:74) ~[tomcat-embed-core-10.1.36.jar!/:na]
	at org.apache.catalina.connector.CoyoteAdapter.service(CoyoteAdapter.java:344) ~[tomcat-embed-core-10.1.36.jar!/:na]
	at org.apache.coyote.http11.Http11Processor.service(Http11Processor.java:397) ~[tomcat-embed-core-10.1.36.jar!/:na]
	at org.apache.coyote.AbstractProcessorLight.process(AbstractProcessorLight.java:63) ~[tomcat-embed-core-10.1.36.jar!/:na]
	at org.apache.coyote.AbstractProtocol$ConnectionHandler.process(AbstractProtocol.java:905) ~[tomcat-embed-core-10.1.36.jar!/:na]
	at org.apache.tomcat.util.net.NioEndpoint$SocketProcessor.doRun(NioEndpoint.java:1743) ~[tomcat-embed-core-10.1.36.jar!/:na]
	at org.apache.tomcat.util.net.SocketProcessorBase.run(SocketProcessorBase.java:52) ~[tomcat-embed-core-10.1.36.jar!/:na]
	at org.apache.tomcat.util.threads.ThreadPoolExecutor.runWorker(ThreadPoolExecutor.java:1190) ~[tomcat-embed-core-10.1.36.jar!/:na]
	at org.apache.tomcat.util.threads.ThreadPoolExecutor$Worker.run(ThreadPoolExecutor.java:659) ~[tomcat-embed-core-10.1.36.jar!/:na]
	at org.apache.tomcat.util.threads.TaskThread$WrappingRunnable.run(TaskThread.java:63) ~[tomcat-embed-core-10.1.36.jar!/:na]
	at java.base/java.lang.Thread.run(Unknown Source) ~[na:na]
Caused by: org.hibernate.exception.GenericJDBCException: JDBC exception executing SQL [UPDATE assignment_clients SET finish_date = ?  WHERE protocol_id = ?] [PrepareStatement.executeQuery() command does NOT return a result-set as expected. Either use PrepareStatement.execute(), PrepareStatement.executeUpdate(), or correct command] [n/a]
	at org.hibernate.exception.internal.StandardSQLExceptionConverter.convert(StandardSQLExceptionConverter.java:63) ~[hibernate-core-6.6.8.Final.jar!/:6.6.8.Final]
	at org.hibernate.engine.jdbc.spi.SqlExceptionHelper.convert(SqlExceptionHelper.java:108) ~[hibernate-core-6.6.8.Final.jar!/:6.6.8.Final]
	at org.hibernate.engine.jdbc.spi.SqlExceptionHelper.convert(SqlExceptionHelper.java:94) ~[hibernate-core-6.6.8.Final.jar!/:6.6.8.Final]
	at org.hibernate.sql.results.jdbc.internal.DeferredResultSetAccess.executeQuery(DeferredResultSetAccess.java:268) ~[hibernate-core-6.6.8.Final.jar!/:6.6.8.Final]
	at org.hibernate.sql.results.jdbc.internal.DeferredResultSetAccess.getResultSet(DeferredResultSetAccess.java:171) ~[hibernate-core-6.6.8.Final.jar!/:6.6.8.Final]
	at org.hibernate.sql.results.jdbc.internal.AbstractResultSetAccess.getMetaData(AbstractResultSetAccess.java:36) ~[hibernate-core-6.6.8.Final.jar!/:6.6.8.Final]
	at org.hibernate.sql.results.jdbc.internal.AbstractResultSetAccess.getColumnCount(AbstractResultSetAccess.java:52) ~[hibernate-core-6.6.8.Final.jar!/:6.6.8.Final]
	at org.hibernate.query.results.ResultSetMappingImpl.resolve(ResultSetMappingImpl.java:194) ~[hibernate-core-6.6.8.Final.jar!/:6.6.8.Final]
	at org.hibernate.sql.exec.internal.JdbcSelectExecutorStandardImpl.resolveJdbcValuesSource(JdbcSelectExecutorStandardImpl.java:340) ~[hibernate-core-6.6.8.Final.jar!/:6.6.8.Final]
	at org.hibernate.sql.exec.internal.JdbcSelectExecutorStandardImpl.doExecuteQuery(JdbcSelectExecutorStandardImpl.java:137) ~[hibernate-core-6.6.8.Final.jar!/:6.6.8.Final]
	at org.hibernate.sql.exec.internal.JdbcSelectExecutorStandardImpl.executeQuery(JdbcSelectExecutorStandardImpl.java:102) ~[hibernate-core-6.6.8.Final.jar!/:6.6.8.Final]
	at org.hibernate.sql.exec.spi.JdbcSelectExecutor.executeQuery(JdbcSelectExecutor.java:91) ~[hibernate-core-6.6.8.Final.jar!/:6.6.8.Final]
	at org.hibernate.sql.exec.spi.JdbcSelectExecutor.list(JdbcSelectExecutor.java:165) ~[hibernate-core-6.6.8.Final.jar!/:6.6.8.Final]
	at org.hibernate.sql.exec.spi.JdbcSelectExecutor.list(JdbcSelectExecutor.java:142) ~[hibernate-core-6.6.8.Final.jar!/:6.6.8.Final]
	at org.hibernate.sql.exec.spi.JdbcSelectExecutor.list(JdbcSelectExecutor.java:132) ~[hibernate-core-6.6.8.Final.jar!/:6.6.8.Final]
	at org.hibernate.query.sql.internal.NativeSelectQueryPlanImpl.performList(NativeSelectQueryPlanImpl.java:135) ~[hibernate-core-6.6.8.Final.jar!/:6.6.8.Final]
	at org.hibernate.query.sql.internal.NativeQueryImpl.doList(NativeQueryImpl.java:693) ~[hibernate-core-6.6.8.Final.jar!/:6.6.8.Final]
	at org.hibernate.query.spi.AbstractSelectionQuery.list(AbstractSelectionQuery.java:143) ~[hibernate-core-6.6.8.Final.jar!/:6.6.8.Final]
	at org.hibernate.query.Query.getResultList(Query.java:120) ~[hibernate-core-6.6.8.Final.jar!/:6.6.8.Final]
	at org.springframework.data.jpa.repository.query.JpaQueryExecution$CollectionExecution.doExecute(JpaQueryExecution.java:130) ~[spring-data-jpa-3.4.3.jar!/:3.4.3]
	at org.springframework.data.jpa.repository.query.JpaQueryExecution.execute(JpaQueryExecution.java:93) ~[spring-data-jpa-3.4.3.jar!/:3.4.3]
	at org.springframework.data.jpa.repository.query.AbstractJpaQuery.doExecute(AbstractJpaQuery.java:152) ~[spring-data-jpa-3.4.3.jar!/:3.4.3]
	at org.springframework.data.jpa.repository.query.AbstractJpaQuery.execute(AbstractJpaQuery.java:140) ~[spring-data-jpa-3.4.3.jar!/:3.4.3]
	at org.springframework.data.repository.core.support.RepositoryMethodInvoker.doInvoke(RepositoryMethodInvoker.java:170) ~[spring-data-commons-3.4.3.jar!/:3.4.3]
	at org.springframework.data.repository.core.support.RepositoryMethodInvoker.invoke(RepositoryMethodInvoker.java:158) ~[spring-data-commons-3.4.3.jar!/:3.4.3]
	at org.springframework.data.repository.core.support.QueryExecutorMethodInterceptor.doInvoke(QueryExecutorMethodInterceptor.java:170) ~[spring-data-commons-3.4.3.jar!/:3.4.3]
	at org.springframework.data.repository.core.support.QueryExecutorMethodInterceptor.invoke(QueryExecutorMethodInterceptor.java:149) ~[spring-data-commons-3.4.3.jar!/:3.4.3]
	at org.springframework.aop.framework.ReflectiveMethodInvocation.proceed(ReflectiveMethodInvocation.java:184) ~[spring-aop-6.2.3.jar!/:6.2.3]
	at org.springframework.data.projection.DefaultMethodInvokingMethodInterceptor.invoke(DefaultMethodInvokingMethodInterceptor.java:69) ~[spring-data-commons-3.4.3.jar!/:3.4.3]
	at org.springframework.aop.framework.ReflectiveMethodInvocation.proceed(ReflectiveMethodInvocation.java:184) ~[spring-aop-6.2.3.jar!/:6.2.3]
	at org.springframework.transaction.interceptor.TransactionAspectSupport.invokeWithinTransaction(TransactionAspectSupport.java:380) ~[spring-tx-6.2.3.jar!/:6.2.3]
	at org.springframework.transaction.interceptor.TransactionInterceptor.invoke(TransactionInterceptor.java:119) ~[spring-tx-6.2.3.jar!/:6.2.3]
	at org.springframework.aop.framework.ReflectiveMethodInvocation.proceed(ReflectiveMethodInvocation.java:184) ~[spring-aop-6.2.3.jar!/:6.2.3]
	at org.springframework.dao.support.PersistenceExceptionTranslationInterceptor.invoke(PersistenceExceptionTranslationInterceptor.java:138) ~[spring-tx-6.2.3.jar!/:6.2.3]
	... 117 common frames omitted
Caused by: java.sql.SQLException: PrepareStatement.executeQuery() command does NOT return a result-set as expected. Either use PrepareStatement.execute(), PrepareStatement.executeUpdate(), or correct command
	at org.mariadb.jdbc.ClientPreparedStatement.executeQuery(ClientPreparedStatement.java:269) ~[mariadb-java-client-3.4.1.jar!/:na]
	at com.zaxxer.hikari.pool.ProxyPreparedStatement.executeQuery(ProxyPreparedStatement.java:52) ~[HikariCP-5.1.0.jar!/:na]
	at com.zaxxer.hikari.pool.HikariProxyPreparedStatement.executeQuery(HikariProxyPreparedStatement.java) ~[HikariCP-5.1.0.jar!/:na]
	at org.hibernate.sql.results.jdbc.internal.DeferredResultSetAccess.executeQuery(DeferredResultSetAccess.java:250) ~[hibernate-core-6.6.8.Final.jar!/:6.6.8.Final]
	... 147 common frames omitted

2026-03-16T12:49:55.445Z  INFO 1 --- [bff] [SpringApplicationShutdownHook] o.s.b.w.e.tomcat.GracefulShutdown        : Commencing graceful shutdown. Waiting for active requests to complete
2026-03-16T12:49:55.498Z  INFO 1 --- [bff] [tomcat-shutdown] o.s.b.w.e.tomcat.GracefulShutdown        : Graceful shutdown complete
2026-03-16T12:50:27.520Z  INFO 1 --- [bff] [main] br.com.sebratel.bff.BffApplication       : Starting BffApplication v1.0.0-SNAPSHOT using Java 21.0.10 with PID 1 (/app/app.jar started by root in /app)
2026-03-16T12:50:27.522Z  INFO 1 --- [bff] [main] br.com.sebratel.bff.BffApplication       : No active profile set, falling back to 1 default profile: "default"
2026-03-16T12:50:28.219Z  INFO 1 --- [bff] [main] .s.d.r.c.RepositoryConfigurationDelegate : Multiple Spring Data modules found, entering strict repository configuration mode
2026-03-16T12:50:28.220Z  INFO 1 --- [bff] [main] .s.d.r.c.RepositoryConfigurationDelegate : Bootstrapping Spring Data JPA repositories in DEFAULT mode.
2026-03-16T12:50:28.329Z  INFO 1 --- [bff] [main] .s.d.r.c.RepositoryConfigurationDelegate : Finished Spring Data repository scanning in 102 ms. Found 15 JPA repository interfaces.
2026-03-16T12:50:28.330Z  INFO 1 --- [bff] [main] .s.d.r.c.RepositoryConfigurationDelegate : Multiple Spring Data modules found, entering strict repository configuration mode
2026-03-16T12:50:28.330Z  INFO 1 --- [bff] [main] .s.d.r.c.RepositoryConfigurationDelegate : Bootstrapping Spring Data JPA repositories in DEFAULT mode.
2026-03-16T12:50:28.342Z  INFO 1 --- [bff] [main] .s.d.r.c.RepositoryConfigurationDelegate : Finished Spring Data repository scanning in 9 ms. Found 5 JPA repository interfaces.
2026-03-16T12:50:28.344Z  INFO 1 --- [bff] [main] .s.d.r.c.RepositoryConfigurationDelegate : Multiple Spring Data modules found, entering strict repository configuration mode
2026-03-16T12:50:28.344Z  INFO 1 --- [bff] [main] .s.d.r.c.RepositoryConfigurationDelegate : Bootstrapping Spring Data JPA repositories in DEFAULT mode.
2026-03-16T12:50:28.351Z  INFO 1 --- [bff] [main] .s.d.r.c.RepositoryConfigurationDelegate : Finished Spring Data repository scanning in 5 ms. Found 1 JPA repository interface.
2026-03-16T12:50:28.662Z  INFO 1 --- [bff] [main] .s.d.r.c.RepositoryConfigurationDelegate : Multiple Spring Data modules found, entering strict repository configuration mode
2026-03-16T12:50:28.664Z  INFO 1 --- [bff] [main] .s.d.r.c.RepositoryConfigurationDelegate : Bootstrapping Spring Data Redis repositories in DEFAULT mode.
2026-03-16T12:50:28.685Z  INFO 1 --- [bff] [main] .RepositoryConfigurationExtensionSupport : Spring Data Redis - Could not safely identify store assignment for repository candidate interface br.com.sebratel.bff.repository.afetados.impl.UsuarioAfetadoJPARepository; If you want this repository to be a Redis repository, consider annotating your entities with one of these annotations: org.springframework.data.redis.core.RedisHash (preferred), or consider extending one of the following types with your repository: org.springframework.data.keyvalue.repository.KeyValueRepository
2026-03-16T12:50:28.686Z  INFO 1 --- [bff] [main] .RepositoryConfigurationExtensionSupport : Spring Data Redis - Could not safely identify store assignment for repository candidate interface br.com.sebratel.bff.repository.erp.AquisicaoRepository; If you want this repository to be a Redis repository, consider annotating your entities with one of these annotations: org.springframework.data.redis.core.RedisHash (preferred), or consider extending one of the following types with your repository: org.springframework.data.keyvalue.repository.KeyValueRepository
2026-03-16T12:50:28.687Z  INFO 1 --- [bff] [main] .RepositoryConfigurationExtensionSupport : Spring Data Redis - Could not safely identify store assignment for repository candidate interface br.com.sebratel.bff.repository.erp.ContractActivationRepository; If you want this repository to be a Redis repository, consider annotating your entities with one of these annotations: org.springframework.data.redis.core.RedisHash (preferred), or consider extending one of the following types with your repository: org.springframework.data.keyvalue.repository.KeyValueRepository
2026-03-16T12:50:28.688Z  INFO 1 --- [bff] [main] .RepositoryConfigurationExtensionSupport : Spring Data Redis - Could not safely identify store assignment for repository candidate interface br.com.sebratel.bff.repository.erp.ContractPaymentRepository; If you want this repository to be a Redis repository, consider annotating your entities with one of these annotations: org.springframework.data.redis.core.RedisHash (preferred), or consider extending one of the following types with your repository: org.springframework.data.keyvalue.repository.KeyValueRepository
2026-03-16T12:50:28.689Z  INFO 1 --- [bff] [main] .RepositoryConfigurationExtensionSupport : Spring Data Redis - Could not safely identify store assignment for repository candidate interface br.com.sebratel.bff.repository.erp.ContratoAtivacaoFaturaRepository; If you want this repository to be a Redis repository, consider annotating your entities with one of these annotations: org.springframework.data.redis.core.RedisHash (preferred), or consider extending one of the following types with your repository: org.springframework.data.keyvalue.repository.KeyValueRepository
2026-03-16T12:50:28.690Z  INFO 1 --- [bff] [main] .RepositoryConfigurationExtensionSupport : Spring Data Redis - Could not safely identify store assignment for repository candidate interface br.com.sebratel.bff.repository.erp.ContratoBloqueadoRepository; If you want this repository to be a Redis repository, consider annotating your entities with one of these annotations: org.springframework.data.redis.core.RedisHash (preferred), or consider extending one of the following types with your repository: org.springframework.data.keyvalue.repository.KeyValueRepository
2026-03-16T12:50:28.691Z  INFO 1 --- [bff] [main] .RepositoryConfigurationExtensionSupport : Spring Data Redis - Could not safely identify store assignment for repository candidate interface br.com.sebratel.bff.repository.erp.ContratoSemFaturaRepository; If you want this repository to be a Redis repository, consider annotating your entities with one of these annotations: org.springframework.data.redis.core.RedisHash (preferred), or consider extending one of the following types with your repository: org.springframework.data.keyvalue.repository.KeyValueRepository
2026-03-16T12:50:28.691Z  INFO 1 --- [bff] [main] .RepositoryConfigurationExtensionSupport : Spring Data Redis - Could not safely identify store assignment for repository candidate interface br.com.sebratel.bff.repository.erp.EstoqueRepository; If you want this repository to be a Redis repository, consider annotating your entities with one of these annotations: org.springframework.data.redis.core.RedisHash (preferred), or consider extending one of the following types with your repository: org.springframework.data.keyvalue.repository.KeyValueRepository
2026-03-16T12:50:28.692Z  INFO 1 --- [bff] [main] .RepositoryConfigurationExtensionSupport : Spring Data Redis - Could not safely identify store assignment for repository candidate interface br.com.sebratel.bff.repository.erp.MovimentacaoEstoqueRepository; If you want this repository to be a Redis repository, consider annotating your entities with one of these annotations: org.springframework.data.redis.core.RedisHash (preferred), or consider extending one of the following types with your repository: org.springframework.data.keyvalue.repository.KeyValueRepository
2026-03-16T12:50:28.693Z  INFO 1 --- [bff] [main] .RepositoryConfigurationExtensionSupport : Spring Data Redis - Could not safely identify store assignment for repository candidate interface br.com.sebratel.bff.repository.erp.PatrimonioPendenteRepository; If you want this repository to be a Redis repository, consider annotating your entities with one of these annotations: org.springframework.data.redis.core.RedisHash (preferred), or consider extending one of the following types with your repository: org.springframework.data.keyvalue.repository.KeyValueRepository
2026-03-16T12:50:28.693Z  INFO 1 --- [bff] [main] .RepositoryConfigurationExtensionSupport : Spring Data Redis - Could not safely identify store assignment for repository candidate interface br.com.sebratel.bff.repository.erp.PlanoRepository; If you want this repository to be a Redis repository, consider annotating your entities with one of these annotations: org.springframework.data.redis.core.RedisHash (preferred), or consider extending one of the following types with your repository: org.springframework.data.keyvalue.repository.KeyValueRepository
2026-03-16T12:50:28.693Z  INFO 1 --- [bff] [main] .RepositoryConfigurationExtensionSupport : Spring Data Redis - Could not safely identify store assignment for repository candidate interface br.com.sebratel.bff.repository.erp.RecuperarTodasAsMassivasPeloBancoRepository; If you want this repository to be a Redis repository, consider annotating your entities with one of these annotations: org.springframework.data.redis.core.RedisHash (preferred), or consider extending one of the following types with your repository: org.springframework.data.keyvalue.repository.KeyValueRepository
2026-03-16T12:50:28.694Z  INFO 1 --- [bff] [main] .RepositoryConfigurationExtensionSupport : Spring Data Redis - Could not safely identify store assignment for repository candidate interface br.com.sebratel.bff.repository.erp.RelatorioClienteNomeDuplicadoRepository; If you want this repository to be a Redis repository, consider annotating your entities with one of these annotations: org.springframework.data.redis.core.RedisHash (preferred), or consider extending one of the following types with your repository: org.springframework.data.keyvalue.repository.KeyValueRepository
2026-03-16T12:50:28.695Z  INFO 1 --- [bff] [main] .RepositoryConfigurationExtensionSupport : Spring Data Redis - Could not safely identify store assignment for repository candidate interface br.com.sebratel.bff.repository.erp.VendedoresAtivosRepository; If you want this repository to be a Redis repository, consider annotating your entities with one of these annotations: org.springframework.data.redis.core.RedisHash (preferred), or consider extending one of the following types with your repository: org.springframework.data.keyvalue.repository.KeyValueRepository
2026-03-16T12:50:28.695Z  INFO 1 --- [bff] [main] .RepositoryConfigurationExtensionSupport : Spring Data Redis - Could not safely identify store assignment for repository candidate interface br.com.sebratel.bff.repository.erp.comercial.ContratoPersonalizadoRepository; If you want this repository to be a Redis repository, consider annotating your entities with one of these annotations: org.springframework.data.redis.core.RedisHash (preferred), or consider extending one of the following types with your repository: org.springframework.data.keyvalue.repository.KeyValueRepository
2026-03-16T12:50:28.695Z  INFO 1 --- [bff] [main] .RepositoryConfigurationExtensionSupport : Spring Data Redis - Could not safely identify store assignment for repository candidate interface br.com.sebratel.bff.repository.erp.comercial.RelatorioPlanilhaRepository; If you want this repository to be a Redis repository, consider annotating your entities with one of these annotations: org.springframework.data.redis.core.RedisHash (preferred), or consider extending one of the following types with your repository: org.springframework.data.keyvalue.repository.KeyValueRepository
2026-03-16T12:50:28.696Z  INFO 1 --- [bff] [main] .RepositoryConfigurationExtensionSupport : Spring Data Redis - Could not safely identify store assignment for repository candidate interface br.com.sebratel.bff.repository.radius.ConsumoRepository; If you want this repository to be a Redis repository, consider annotating your entities with one of these annotations: org.springframework.data.redis.core.RedisHash (preferred), or consider extending one of the following types with your repository: org.springframework.data.keyvalue.repository.KeyValueRepository
2026-03-16T12:50:28.696Z  INFO 1 --- [bff] [main] .RepositoryConfigurationExtensionSupport : Spring Data Redis - Could not safely identify store assignment for repository candidate interface br.com.sebratel.bff.repository.radius.DuplicateCallingStationRepository; If you want this repository to be a Redis repository, consider annotating your entities with one of these annotations: org.springframework.data.redis.core.RedisHash (preferred), or consider extending one of the following types with your repository: org.springframework.data.keyvalue.repository.KeyValueRepository
2026-03-16T12:50:28.696Z  INFO 1 --- [bff] [main] .RepositoryConfigurationExtensionSupport : Spring Data Redis - Could not safely identify store assignment for repository candidate interface br.com.sebratel.bff.repository.radius.DuplicatePrefixRepository; If you want this repository to be a Redis repository, consider annotating your entities with one of these annotations: org.springframework.data.redis.core.RedisHash (preferred), or consider extending one of the following types with your repository: org.springframework.data.keyvalue.repository.KeyValueRepository
2026-03-16T12:50:28.696Z  INFO 1 --- [bff] [main] .RepositoryConfigurationExtensionSupport : Spring Data Redis - Could not safely identify store assignment for repository candidate interface br.com.sebratel.bff.repository.radius.FirstAuthenticationRepository; If you want this repository to be a Redis repository, consider annotating your entities with one of these annotations: org.springframework.data.redis.core.RedisHash (preferred), or consider extending one of the following types with your repository: org.springframework.data.keyvalue.repository.KeyValueRepository
2026-03-16T12:50:28.697Z  INFO 1 --- [bff] [main] .RepositoryConfigurationExtensionSupport : Spring Data Redis - Could not safely identify store assignment for repository candidate interface br.com.sebratel.bff.repository.radius.UltimaConexaoRepository; If you want this repository to be a Redis repository, consider annotating your entities with one of these annotations: org.springframework.data.redis.core.RedisHash (preferred), or consider extending one of the following types with your repository: org.springframework.data.keyvalue.repository.KeyValueRepository
2026-03-16T12:50:28.697Z  INFO 1 --- [bff] [main] .s.d.r.c.RepositoryConfigurationDelegate : Finished Spring Data repository scanning in 25 ms. Found 0 Redis repository interfaces.
2026-03-16T12:50:29.428Z  INFO 1 --- [bff] [main] o.s.b.w.embedded.tomcat.TomcatWebServer  : Tomcat initialized with port 8085 (http)
2026-03-16T12:50:29.447Z  INFO 1 --- [bff] [main] o.apache.catalina.core.StandardService   : Starting service [Tomcat]
2026-03-16T12:50:29.448Z  INFO 1 --- [bff] [main] o.apache.catalina.core.StandardEngine    : Starting Servlet engine: [Apache Tomcat/10.1.36]
2026-03-16T12:50:29.473Z  INFO 1 --- [bff] [main] o.a.c.c.C.[Tomcat].[localhost].[/]       : Initializing Spring embedded WebApplicationContext
2026-03-16T12:50:29.474Z  INFO 1 --- [bff] [main] w.s.c.ServletWebServerApplicationContext : Root WebApplicationContext: initialization completed in 1909 ms
2026-03-16T12:50:29.828Z  INFO 1 --- [bff] [main] com.zaxxer.hikari.HikariDataSource       : HikariPool-1 - Starting...
2026-03-16T12:50:30.141Z  INFO 1 --- [bff] [main] com.zaxxer.hikari.pool.HikariPool        : HikariPool-1 - Added connection org.postgresql.jdbc.PgConnection@31e22365
2026-03-16T12:50:30.142Z  INFO 1 --- [bff] [main] com.zaxxer.hikari.HikariDataSource       : HikariPool-1 - Start completed.
2026-03-16T12:50:30.180Z  INFO 1 --- [bff] [main] o.hibernate.jpa.internal.util.LogHelper  : HHH000204: Processing PersistenceUnitInfo [name: erp]
2026-03-16T12:50:30.213Z  INFO 1 --- [bff] [main] org.hibernate.Version                    : HHH000412: Hibernate ORM core version 6.6.8.Final
2026-03-16T12:50:30.235Z  INFO 1 --- [bff] [main] o.h.c.internal.RegionFactoryInitiator    : HHH000026: Second-level cache disabled
2026-03-16T12:50:30.399Z  INFO 1 --- [bff] [main] o.s.o.j.p.SpringPersistenceUnitInfo      : No LoadTimeWeaver setup: ignoring JPA class transformer
2026-03-16T12:50:30.446Z  WARN 1 --- [bff] [main] org.hibernate.orm.deprecation            : HHH90000025: PostgreSQLDialect does not need to be specified explicitly using 'hibernate.dialect' (remove the property setting and it will be selected by default)
2026-03-16T12:50:30.465Z  INFO 1 --- [bff] [main] org.hibernate.orm.connections.pooling    : HHH10001005: Database info:
	Database JDBC URL [Connecting through datasource 'HikariDataSource (HikariPool-1)']
	Database driver: undefined/unknown
	Database version: 13.3
	Autocommit mode: undefined/unknown
	Isolation level: undefined/unknown
	Minimum pool size: undefined/unknown
	Maximum pool size: undefined/unknown
2026-03-16T12:50:31.050Z  INFO 1 --- [bff] [main] o.h.e.t.j.p.i.JtaPlatformInitiator       : HHH000489: No JTA platform available (set 'hibernate.transaction.jta.platform' to enable JTA platform integration)
2026-03-16T12:50:31.052Z  INFO 1 --- [bff] [main] j.LocalContainerEntityManagerFactoryBean : Initialized JPA EntityManagerFactory for persistence unit 'erp'
2026-03-16T12:50:31.063Z  INFO 1 --- [bff] [main] o.hibernate.jpa.internal.util.LogHelper  : HHH000204: Processing PersistenceUnitInfo [name: radius]
2026-03-16T12:50:31.068Z  INFO 1 --- [bff] [main] o.h.c.internal.RegionFactoryInitiator    : HHH000026: Second-level cache disabled
2026-03-16T12:50:31.079Z  INFO 1 --- [bff] [main] o.s.o.j.p.SpringPersistenceUnitInfo      : No LoadTimeWeaver setup: ignoring JPA class transformer
2026-03-16T12:50:31.080Z  INFO 1 --- [bff] [main] com.zaxxer.hikari.HikariDataSource       : HikariPool-2 - Starting...
2026-03-16T12:50:31.135Z  INFO 1 --- [bff] [main] com.zaxxer.hikari.pool.HikariPool        : HikariPool-2 - Added connection org.postgresql.jdbc.PgConnection@6b83ec49
2026-03-16T12:50:31.136Z  INFO 1 --- [bff] [main] com.zaxxer.hikari.HikariDataSource       : HikariPool-2 - Start completed.
2026-03-16T12:50:31.147Z  WARN 1 --- [bff] [main] org.hibernate.orm.deprecation            : HHH90000025: PostgreSQLDialect does not need to be specified explicitly using 'hibernate.dialect' (remove the property setting and it will be selected by default)
2026-03-16T12:50:31.155Z  INFO 1 --- [bff] [main] org.hibernate.orm.connections.pooling    : HHH10001005: Database info:
	Database JDBC URL [Connecting through datasource 'HikariDataSource (HikariPool-2)']
	Database driver: undefined/unknown
	Database version: 12.12
	Autocommit mode: undefined/unknown
	Isolation level: undefined/unknown
	Minimum pool size: undefined/unknown
	Maximum pool size: undefined/unknown
2026-03-16T12:50:31.214Z  INFO 1 --- [bff] [main] o.h.e.t.j.p.i.JtaPlatformInitiator       : HHH000489: No JTA platform available (set 'hibernate.transaction.jta.platform' to enable JTA platform integration)
2026-03-16T12:50:31.215Z  INFO 1 --- [bff] [main] j.LocalContainerEntityManagerFactoryBean : Initialized JPA EntityManagerFactory for persistence unit 'radius'
2026-03-16T12:50:31.224Z  INFO 1 --- [bff] [main] o.hibernate.jpa.internal.util.LogHelper  : HHH000204: Processing PersistenceUnitInfo [name: afetados]
2026-03-16T12:50:31.228Z  INFO 1 --- [bff] [main] o.h.c.internal.RegionFactoryInitiator    : HHH000026: Second-level cache disabled
2026-03-16T12:50:31.235Z  INFO 1 --- [bff] [main] o.s.o.j.p.SpringPersistenceUnitInfo      : No LoadTimeWeaver setup: ignoring JPA class transformer
2026-03-16T12:50:31.236Z  INFO 1 --- [bff] [main] com.zaxxer.hikari.HikariDataSource       : HikariPool-3 - Starting...
2026-03-16T12:50:31.302Z  INFO 1 --- [bff] [main] com.zaxxer.hikari.pool.HikariPool        : HikariPool-3 - Added connection org.mariadb.jdbc.Connection@72fc6b5e
2026-03-16T12:50:31.302Z  INFO 1 --- [bff] [main] com.zaxxer.hikari.HikariDataSource       : HikariPool-3 - Start completed.
2026-03-16T12:50:31.311Z  WARN 1 --- [bff] [main] org.hibernate.orm.deprecation            : HHH90000025: MariaDBDialect does not need to be specified explicitly using 'hibernate.dialect' (remove the property setting and it will be selected by default)
2026-03-16T12:50:31.315Z  INFO 1 --- [bff] [main] org.hibernate.orm.connections.pooling    : HHH10001005: Database info:
	Database JDBC URL [Connecting through datasource 'HikariDataSource (HikariPool-3)']
	Database driver: undefined/unknown
	Database version: 10.11.10
	Autocommit mode: undefined/unknown
	Isolation level: undefined/unknown
	Minimum pool size: undefined/unknown
	Maximum pool size: undefined/unknown
2026-03-16T12:50:31.360Z  INFO 1 --- [bff] [main] o.h.e.t.j.p.i.JtaPlatformInitiator       : HHH000489: No JTA platform available (set 'hibernate.transaction.jta.platform' to enable JTA platform integration)
2026-03-16T12:50:31.361Z  INFO 1 --- [bff] [main] j.LocalContainerEntityManagerFactoryBean : Initialized JPA EntityManagerFactory for persistence unit 'afetados'
2026-03-16T12:50:31.553Z  INFO 1 --- [bff] [main] o.s.d.j.r.query.QueryEnhancerFactory     : Hibernate is in classpath; If applicable, HQL parser will be used.
2026-03-16T12:50:32.286Z  WARN 1 --- [bff] [main] JpaBaseConfiguration$JpaWebConfiguration : spring.jpa.open-in-view is enabled by default. Therefore, database queries may be performed during view rendering. Explicitly configure spring.jpa.open-in-view to disable this warning
2026-03-16T12:50:32.331Z  INFO 1 --- [bff] [main] r$InitializeUserDetailsManagerConfigurer : Global AuthenticationManager configured with UserDetailsService bean with name inMemoryUserDetailsManager
2026-03-16T12:50:33.182Z  INFO 1 --- [bff] [main] o.s.b.w.embedded.tomcat.TomcatWebServer  : Tomcat started on port 8085 (http) with context path '/'
2026-03-16T12:50:33.196Z  INFO 1 --- [bff] [main] br.com.sebratel.bff.BffApplication       : Started BffApplication in 6.112 seconds (process running for 7.602)
2026-03-16T12:53:58.803Z  INFO 1 --- [bff] [SpringApplicationShutdownHook] o.s.b.w.e.tomcat.GracefulShutdown        : Commencing graceful shutdown. Waiting for active requests to complete
2026-03-16T12:53:58.807Z  INFO 1 --- [bff] [tomcat-shutdown] o.s.b.w.e.tomcat.GracefulShutdown        : Graceful shutdown complete
2026-03-16T12:56:52.258Z  INFO 1 --- [bff] [main] br.com.sebratel.bff.BffApplication       : Starting BffApplication v1.0.0-SNAPSHOT using Java 21.0.10 with PID 1 (/app/app.jar started by root in /app)
2026-03-16T12:56:52.261Z  INFO 1 --- [bff] [main] br.com.sebratel.bff.BffApplication       : No active profile set, falling back to 1 default profile: "default"
2026-03-16T12:56:52.958Z  INFO 1 --- [bff] [main] .s.d.r.c.RepositoryConfigurationDelegate : Multiple Spring Data modules found, entering strict repository configuration mode
2026-03-16T12:56:52.959Z  INFO 1 --- [bff] [main] .s.d.r.c.RepositoryConfigurationDelegate : Bootstrapping Spring Data JPA repositories in DEFAULT mode.
2026-03-16T12:56:53.065Z  INFO 1 --- [bff] [main] .s.d.r.c.RepositoryConfigurationDelegate : Finished Spring Data repository scanning in 98 ms. Found 15 JPA repository interfaces.
2026-03-16T12:56:53.066Z  INFO 1 --- [bff] [main] .s.d.r.c.RepositoryConfigurationDelegate : Multiple Spring Data modules found, entering strict repository configuration mode
2026-03-16T12:56:53.066Z  INFO 1 --- [bff] [main] .s.d.r.c.RepositoryConfigurationDelegate : Bootstrapping Spring Data JPA repositories in DEFAULT mode.
2026-03-16T12:56:53.076Z  INFO 1 --- [bff] [main] .s.d.r.c.RepositoryConfigurationDelegate : Finished Spring Data repository scanning in 8 ms. Found 5 JPA repository interfaces.
2026-03-16T12:56:53.078Z  INFO 1 --- [bff] [main] .s.d.r.c.RepositoryConfigurationDelegate : Multiple Spring Data modules found, entering strict repository configuration mode
2026-03-16T12:56:53.080Z  INFO 1 --- [bff] [main] .s.d.r.c.RepositoryConfigurationDelegate : Bootstrapping Spring Data JPA repositories in DEFAULT mode.
2026-03-16T12:56:53.086Z  INFO 1 --- [bff] [main] .s.d.r.c.RepositoryConfigurationDelegate : Finished Spring Data repository scanning in 4 ms. Found 1 JPA repository interface.
2026-03-16T12:56:53.354Z  INFO 1 --- [bff] [main] .s.d.r.c.RepositoryConfigurationDelegate : Multiple Spring Data modules found, entering strict repository configuration mode
2026-03-16T12:56:53.354Z  INFO 1 --- [bff] [main] .s.d.r.c.RepositoryConfigurationDelegate : Bootstrapping Spring Data Redis repositories in DEFAULT mode.
2026-03-16T12:56:53.372Z  INFO 1 --- [bff] [main] .RepositoryConfigurationExtensionSupport : Spring Data Redis - Could not safely identify store assignment for repository candidate interface br.com.sebratel.bff.repository.afetados.impl.UsuarioAfetadoJPARepository; If you want this repository to be a Redis repository, consider annotating your entities with one of these annotations: org.springframework.data.redis.core.RedisHash (preferred), or consider extending one of the following types with your repository: org.springframework.data.keyvalue.repository.KeyValueRepository
2026-03-16T12:56:53.372Z  INFO 1 --- [bff] [main] .RepositoryConfigurationExtensionSupport : Spring Data Redis - Could not safely identify store assignment for repository candidate interface br.com.sebratel.bff.repository.erp.AquisicaoRepository; If you want this repository to be a Redis repository, consider annotating your entities with one of these annotations: org.springframework.data.redis.core.RedisHash (preferred), or consider extending one of the following types with your repository: org.springframework.data.keyvalue.repository.KeyValueRepository
2026-03-16T12:56:53.372Z  INFO 1 --- [bff] [main] .RepositoryConfigurationExtensionSupport : Spring Data Redis - Could not safely identify store assignment for repository candidate interface br.com.sebratel.bff.repository.erp.ContractActivationRepository; If you want this repository to be a Redis repository, consider annotating your entities with one of these annotations: org.springframework.data.redis.core.RedisHash (preferred), or consider extending one of the following types with your repository: org.springframework.data.keyvalue.repository.KeyValueRepository
2026-03-16T12:56:53.372Z  INFO 1 --- [bff] [main] .RepositoryConfigurationExtensionSupport : Spring Data Redis - Could not safely identify store assignment for repository candidate interface br.com.sebratel.bff.repository.erp.ContractPaymentRepository; If you want this repository to be a Redis repository, consider annotating your entities with one of these annotations: org.springframework.data.redis.core.RedisHash (preferred), or consider extending one of the following types with your repository: org.springframework.data.keyvalue.repository.KeyValueRepository
2026-03-16T12:56:53.372Z  INFO 1 --- [bff] [main] .RepositoryConfigurationExtensionSupport : Spring Data Redis - Could not safely identify store assignment for repository candidate interface br.com.sebratel.bff.repository.erp.ContratoAtivacaoFaturaRepository; If you want this repository to be a Redis repository, consider annotating your entities with one of these annotations: org.springframework.data.redis.core.RedisHash (preferred), or consider extending one of the following types with your repository: org.springframework.data.keyvalue.repository.KeyValueRepository
2026-03-16T12:56:53.373Z  INFO 1 --- [bff] [main] .RepositoryConfigurationExtensionSupport : Spring Data Redis - Could not safely identify store assignment for repository candidate interface br.com.sebratel.bff.repository.erp.ContratoBloqueadoRepository; If you want this repository to be a Redis repository, consider annotating your entities with one of these annotations: org.springframework.data.redis.core.RedisHash (preferred), or consider extending one of the following types with your repository: org.springframework.data.keyvalue.repository.KeyValueRepository
2026-03-16T12:56:53.373Z  INFO 1 --- [bff] [main] .RepositoryConfigurationExtensionSupport : Spring Data Redis - Could not safely identify store assignment for repository candidate interface br.com.sebratel.bff.repository.erp.ContratoSemFaturaRepository; If you want this repository to be a Redis repository, consider annotating your entities with one of these annotations: org.springframework.data.redis.core.RedisHash (preferred), or consider extending one of the following types with your repository: org.springframework.data.keyvalue.repository.KeyValueRepository
2026-03-16T12:56:53.373Z  INFO 1 --- [bff] [main] .RepositoryConfigurationExtensionSupport : Spring Data Redis - Could not safely identify store assignment for repository candidate interface br.com.sebratel.bff.repository.erp.EstoqueRepository; If you want this repository to be a Redis repository, consider annotating your entities with one of these annotations: org.springframework.data.redis.core.RedisHash (preferred), or consider extending one of the following types with your repository: org.springframework.data.keyvalue.repository.KeyValueRepository
2026-03-16T12:56:53.373Z  INFO 1 --- [bff] [main] .RepositoryConfigurationExtensionSupport : Spring Data Redis - Could not safely identify store assignment for repository candidate interface br.com.sebratel.bff.repository.erp.MovimentacaoEstoqueRepository; If you want this repository to be a Redis repository, consider annotating your entities with one of these annotations: org.springframework.data.redis.core.RedisHash (preferred), or consider extending one of the following types with your repository: org.springframework.data.keyvalue.repository.KeyValueRepository
2026-03-16T12:56:53.373Z  INFO 1 --- [bff] [main] .RepositoryConfigurationExtensionSupport : Spring Data Redis - Could not safely identify store assignment for repository candidate interface br.com.sebratel.bff.repository.erp.PatrimonioPendenteRepository; If you want this repository to be a Redis repository, consider annotating your entities with one of these annotations: org.springframework.data.redis.core.RedisHash (preferred), or consider extending one of the following types with your repository: org.springframework.data.keyvalue.repository.KeyValueRepository
2026-03-16T12:56:53.373Z  INFO 1 --- [bff] [main] .RepositoryConfigurationExtensionSupport : Spring Data Redis - Could not safely identify store assignment for repository candidate interface br.com.sebratel.bff.repository.erp.PlanoRepository; If you want this repository to be a Redis repository, consider annotating your entities with one of these annotations: org.springframework.data.redis.core.RedisHash (preferred), or consider extending one of the following types with your repository: org.springframework.data.keyvalue.repository.KeyValueRepository
2026-03-16T12:56:53.373Z  INFO 1 --- [bff] [main] .RepositoryConfigurationExtensionSupport : Spring Data Redis - Could not safely identify store assignment for repository candidate interface br.com.sebratel.bff.repository.erp.RecuperarTodasAsMassivasPeloBancoRepository; If you want this repository to be a Redis repository, consider annotating your entities with one of these annotations: org.springframework.data.redis.core.RedisHash (preferred), or consider extending one of the following types with your repository: org.springframework.data.keyvalue.repository.KeyValueRepository
2026-03-16T12:56:53.373Z  INFO 1 --- [bff] [main] .RepositoryConfigurationExtensionSupport : Spring Data Redis - Could not safely identify store assignment for repository candidate interface br.com.sebratel.bff.repository.erp.RelatorioClienteNomeDuplicadoRepository; If you want this repository to be a Redis repository, consider annotating your entities with one of these annotations: org.springframework.data.redis.core.RedisHash (preferred), or consider extending one of the following types with your repository: org.springframework.data.keyvalue.repository.KeyValueRepository
2026-03-16T12:56:53.374Z  INFO 1 --- [bff] [main] .RepositoryConfigurationExtensionSupport : Spring Data Redis - Could not safely identify store assignment for repository candidate interface br.com.sebratel.bff.repository.erp.VendedoresAtivosRepository; If you want this repository to be a Redis repository, consider annotating your entities with one of these annotations: org.springframework.data.redis.core.RedisHash (preferred), or consider extending one of the following types with your repository: org.springframework.data.keyvalue.repository.KeyValueRepository
2026-03-16T12:56:53.374Z  INFO 1 --- [bff] [main] .RepositoryConfigurationExtensionSupport : Spring Data Redis - Could not safely identify store assignment for repository candidate interface br.com.sebratel.bff.repository.erp.comercial.ContratoPersonalizadoRepository; If you want this repository to be a Redis repository, consider annotating your entities with one of these annotations: org.springframework.data.redis.core.RedisHash (preferred), or consider extending one of the following types with your repository: org.springframework.data.keyvalue.repository.KeyValueRepository
2026-03-16T12:56:53.374Z  INFO 1 --- [bff] [main] .RepositoryConfigurationExtensionSupport : Spring Data Redis - Could not safely identify store assignment for repository candidate interface br.com.sebratel.bff.repository.erp.comercial.RelatorioPlanilhaRepository; If you want this repository to be a Redis repository, consider annotating your entities with one of these annotations: org.springframework.data.redis.core.RedisHash (preferred), or consider extending one of the following types with your repository: org.springframework.data.keyvalue.repository.KeyValueRepository
2026-03-16T12:56:53.375Z  INFO 1 --- [bff] [main] .RepositoryConfigurationExtensionSupport : Spring Data Redis - Could not safely identify store assignment for repository candidate interface br.com.sebratel.bff.repository.radius.ConsumoRepository; If you want this repository to be a Redis repository, consider annotating your entities with one of these annotations: org.springframework.data.redis.core.RedisHash (preferred), or consider extending one of the following types with your repository: org.springframework.data.keyvalue.repository.KeyValueRepository
2026-03-16T12:56:53.375Z  INFO 1 --- [bff] [main] .RepositoryConfigurationExtensionSupport : Spring Data Redis - Could not safely identify store assignment for repository candidate interface br.com.sebratel.bff.repository.radius.DuplicateCallingStationRepository; If you want this repository to be a Redis repository, consider annotating your entities with one of these annotations: org.springframework.data.redis.core.RedisHash (preferred), or consider extending one of the following types with your repository: org.springframework.data.keyvalue.repository.KeyValueRepository
2026-03-16T12:56:53.375Z  INFO 1 --- [bff] [main] .RepositoryConfigurationExtensionSupport : Spring Data Redis - Could not safely identify store assignment for repository candidate interface br.com.sebratel.bff.repository.radius.DuplicatePrefixRepository; If you want this repository to be a Redis repository, consider annotating your entities with one of these annotations: org.springframework.data.redis.core.RedisHash (preferred), or consider extending one of the following types with your repository: org.springframework.data.keyvalue.repository.KeyValueRepository
2026-03-16T12:56:53.375Z  INFO 1 --- [bff] [main] .RepositoryConfigurationExtensionSupport : Spring Data Redis - Could not safely identify store assignment for repository candidate interface br.com.sebratel.bff.repository.radius.FirstAuthenticationRepository; If you want this repository to be a Redis repository, consider annotating your entities with one of these annotations: org.springframework.data.redis.core.RedisHash (preferred), or consider extending one of the following types with your repository: org.springframework.data.keyvalue.repository.KeyValueRepository
2026-03-16T12:56:53.375Z  INFO 1 --- [bff] [main] .RepositoryConfigurationExtensionSupport : Spring Data Redis - Could not safely identify store assignment for repository candidate interface br.com.sebratel.bff.repository.radius.UltimaConexaoRepository; If you want this repository to be a Redis repository, consider annotating your entities with one of these annotations: org.springframework.data.redis.core.RedisHash (preferred), or consider extending one of the following types with your repository: org.springframework.data.keyvalue.repository.KeyValueRepository
2026-03-16T12:56:53.375Z  INFO 1 --- [bff] [main] .s.d.r.c.RepositoryConfigurationDelegate : Finished Spring Data repository scanning in 15 ms. Found 0 Redis repository interfaces.
2026-03-16T12:56:53.972Z  INFO 1 --- [bff] [main] o.s.b.w.embedded.tomcat.TomcatWebServer  : Tomcat initialized with port 8085 (http)
2026-03-16T12:56:53.986Z  INFO 1 --- [bff] [main] o.apache.catalina.core.StandardService   : Starting service [Tomcat]
2026-03-16T12:56:53.987Z  INFO 1 --- [bff] [main] o.apache.catalina.core.StandardEngine    : Starting Servlet engine: [Apache Tomcat/10.1.36]
2026-03-16T12:56:54.012Z  INFO 1 --- [bff] [main] o.a.c.c.C.[Tomcat].[localhost].[/]       : Initializing Spring embedded WebApplicationContext
2026-03-16T12:56:54.012Z  INFO 1 --- [bff] [main] w.s.c.ServletWebServerApplicationContext : Root WebApplicationContext: initialization completed in 1699 ms
2026-03-16T12:56:54.343Z  INFO 1 --- [bff] [main] com.zaxxer.hikari.HikariDataSource       : HikariPool-1 - Starting...
2026-03-16T12:56:54.619Z  INFO 1 --- [bff] [main] com.zaxxer.hikari.pool.HikariPool        : HikariPool-1 - Added connection org.postgresql.jdbc.PgConnection@31e22365
2026-03-16T12:56:54.620Z  INFO 1 --- [bff] [main] com.zaxxer.hikari.HikariDataSource       : HikariPool-1 - Start completed.
2026-03-16T12:56:54.663Z  INFO 1 --- [bff] [main] o.hibernate.jpa.internal.util.LogHelper  : HHH000204: Processing PersistenceUnitInfo [name: erp]
2026-03-16T12:56:54.698Z  INFO 1 --- [bff] [main] org.hibernate.Version                    : HHH000412: Hibernate ORM core version 6.6.8.Final
2026-03-16T12:56:54.727Z  INFO 1 --- [bff] [main] o.h.c.internal.RegionFactoryInitiator    : HHH000026: Second-level cache disabled
2026-03-16T12:56:54.931Z  INFO 1 --- [bff] [main] o.s.o.j.p.SpringPersistenceUnitInfo      : No LoadTimeWeaver setup: ignoring JPA class transformer
2026-03-16T12:56:54.993Z  WARN 1 --- [bff] [main] org.hibernate.orm.deprecation            : HHH90000025: PostgreSQLDialect does not need to be specified explicitly using 'hibernate.dialect' (remove the property setting and it will be selected by default)
2026-03-16T12:56:55.016Z  INFO 1 --- [bff] [main] org.hibernate.orm.connections.pooling    : HHH10001005: Database info:
	Database JDBC URL [Connecting through datasource 'HikariDataSource (HikariPool-1)']
	Database driver: undefined/unknown
	Database version: 13.3
	Autocommit mode: undefined/unknown
	Isolation level: undefined/unknown
	Minimum pool size: undefined/unknown
	Maximum pool size: undefined/unknown
2026-03-16T12:56:55.940Z  INFO 1 --- [bff] [main] o.h.e.t.j.p.i.JtaPlatformInitiator       : HHH000489: No JTA platform available (set 'hibernate.transaction.jta.platform' to enable JTA platform integration)
2026-03-16T12:56:55.943Z  INFO 1 --- [bff] [main] j.LocalContainerEntityManagerFactoryBean : Initialized JPA EntityManagerFactory for persistence unit 'erp'
2026-03-16T12:56:55.959Z  INFO 1 --- [bff] [main] o.hibernate.jpa.internal.util.LogHelper  : HHH000204: Processing PersistenceUnitInfo [name: radius]
2026-03-16T12:56:55.963Z  INFO 1 --- [bff] [main] o.h.c.internal.RegionFactoryInitiator    : HHH000026: Second-level cache disabled
2026-03-16T12:56:55.975Z  INFO 1 --- [bff] [main] o.s.o.j.p.SpringPersistenceUnitInfo      : No LoadTimeWeaver setup: ignoring JPA class transformer
2026-03-16T12:56:55.976Z  INFO 1 --- [bff] [main] com.zaxxer.hikari.HikariDataSource       : HikariPool-2 - Starting...
2026-03-16T12:56:56.027Z  INFO 1 --- [bff] [main] com.zaxxer.hikari.pool.HikariPool        : HikariPool-2 - Added connection org.postgresql.jdbc.PgConnection@6b83ec49
2026-03-16T12:56:56.027Z  INFO 1 --- [bff] [main] com.zaxxer.hikari.HikariDataSource       : HikariPool-2 - Start completed.
2026-03-16T12:56:56.038Z  WARN 1 --- [bff] [main] org.hibernate.orm.deprecation            : HHH90000025: PostgreSQLDialect does not need to be specified explicitly using 'hibernate.dialect' (remove the property setting and it will be selected by default)
2026-03-16T12:56:56.046Z  INFO 1 --- [bff] [main] org.hibernate.orm.connections.pooling    : HHH10001005: Database info:
	Database JDBC URL [Connecting through datasource 'HikariDataSource (HikariPool-2)']
	Database driver: undefined/unknown
	Database version: 12.12
	Autocommit mode: undefined/unknown
	Isolation level: undefined/unknown
	Minimum pool size: undefined/unknown
	Maximum pool size: undefined/unknown
2026-03-16T12:56:56.109Z  INFO 1 --- [bff] [main] o.h.e.t.j.p.i.JtaPlatformInitiator       : HHH000489: No JTA platform available (set 'hibernate.transaction.jta.platform' to enable JTA platform integration)
2026-03-16T12:56:56.109Z  INFO 1 --- [bff] [main] j.LocalContainerEntityManagerFactoryBean : Initialized JPA EntityManagerFactory for persistence unit 'radius'
2026-03-16T12:56:56.117Z  INFO 1 --- [bff] [main] o.hibernate.jpa.internal.util.LogHelper  : HHH000204: Processing PersistenceUnitInfo [name: afetados]
2026-03-16T12:56:56.121Z  INFO 1 --- [bff] [main] o.h.c.internal.RegionFactoryInitiator    : HHH000026: Second-level cache disabled
2026-03-16T12:56:56.132Z  INFO 1 --- [bff] [main] o.s.o.j.p.SpringPersistenceUnitInfo      : No LoadTimeWeaver setup: ignoring JPA class transformer
2026-03-16T12:56:56.133Z  INFO 1 --- [bff] [main] com.zaxxer.hikari.HikariDataSource       : HikariPool-3 - Starting...
2026-03-16T12:56:56.199Z  INFO 1 --- [bff] [main] com.zaxxer.hikari.pool.HikariPool        : HikariPool-3 - Added connection org.mariadb.jdbc.Connection@72fc6b5e
2026-03-16T12:56:56.200Z  INFO 1 --- [bff] [main] com.zaxxer.hikari.HikariDataSource       : HikariPool-3 - Start completed.
2026-03-16T12:56:56.210Z  WARN 1 --- [bff] [main] org.hibernate.orm.deprecation            : HHH90000025: MariaDBDialect does not need to be specified explicitly using 'hibernate.dialect' (remove the property setting and it will be selected by default)
2026-03-16T12:56:56.214Z  INFO 1 --- [bff] [main] org.hibernate.orm.connections.pooling    : HHH10001005: Database info:
	Database JDBC URL [Connecting through datasource 'HikariDataSource (HikariPool-3)']
	Database driver: undefined/unknown
	Database version: 10.11.10
	Autocommit mode: undefined/unknown
	Isolation level: undefined/unknown
	Minimum pool size: undefined/unknown
	Maximum pool size: undefined/unknown
2026-03-16T12:56:56.256Z  INFO 1 --- [bff] [main] o.h.e.t.j.p.i.JtaPlatformInitiator       : HHH000489: No JTA platform available (set 'hibernate.transaction.jta.platform' to enable JTA platform integration)
2026-03-16T12:56:56.256Z  INFO 1 --- [bff] [main] j.LocalContainerEntityManagerFactoryBean : Initialized JPA EntityManagerFactory for persistence unit 'afetados'
2026-03-16T12:56:56.462Z  INFO 1 --- [bff] [main] o.s.d.j.r.query.QueryEnhancerFactory     : Hibernate is in classpath; If applicable, HQL parser will be used.
2026-03-16T12:56:57.196Z  WARN 1 --- [bff] [main] JpaBaseConfiguration$JpaWebConfiguration : spring.jpa.open-in-view is enabled by default. Therefore, database queries may be performed during view rendering. Explicitly configure spring.jpa.open-in-view to disable this warning
2026-03-16T12:56:57.227Z  INFO 1 --- [bff] [main] r$InitializeUserDetailsManagerConfigurer : Global AuthenticationManager configured with UserDetailsService bean with name inMemoryUserDetailsManager
2026-03-16T12:56:57.783Z  INFO 1 --- [bff] [main] o.s.b.w.embedded.tomcat.TomcatWebServer  : Tomcat started on port 8085 (http) with context path '/'
2026-03-16T12:56:57.794Z  INFO 1 --- [bff] [main] br.com.sebratel.bff.BffApplication       : Started BffApplication in 6.061 seconds (process running for 7.135)
2026-03-16T12:56:59.898Z  INFO 1 --- [bff] [http-nio-8085-exec-1] o.a.c.c.C.[Tomcat].[localhost].[/]       : Initializing Spring DispatcherServlet 'dispatcherServlet'
2026-03-16T12:56:59.899Z  INFO 1 --- [bff] [http-nio-8085-exec-1] o.s.web.servlet.DispatcherServlet        : Initializing Servlet 'dispatcherServlet'
2026-03-16T12:56:59.900Z  INFO 1 --- [bff] [http-nio-8085-exec-1] o.s.web.servlet.DispatcherServlet        : Completed initialization in 1 ms
2026-03-16T12:56:59.958Z  INFO 1 --- [bff] [http-nio-8085-exec-1] b.c.s.b.c.UsuarioAfetadoController       : Iniciando alteração de data de finalização para o protocolo: 556
2026-03-16T12:56:59.972Z  INFO 1 --- [bff] [http-nio-8085-exec-1] b.c.s.bff.service.UsuarioAfetadoService  : Alterando data estimada para finalização
2026-03-16T12:57:00.076Z  INFO 1 --- [bff] [http-nio-8085-exec-1] b.c.s.bff.service.UsuarioAfetadoService  : Foram encontrados 1 usuarios no protocolo 556
2026-03-16T12:57:00.105Z  INFO 1 --- [bff] [http-nio-8085-exec-1] b.c.s.bff.service.UsuarioAfetadoService  : Data de finalização alterada para 2026-04-16T15:30 nos usuarios de protocolo 556
2026-03-16T12:57:00.112Z  INFO 1 --- [bff] [http-nio-8085-exec-1] b.c.s.b.c.UsuarioAfetadoController       : Data de finalização alterada para 2026-04-16T15:30 nos usuarios de protocolo 556
2026-03-16T13:03:23.284Z  INFO 1 --- [bff] [http-nio-8085-exec-3] b.c.s.b.c.UsuarioAfetadoController       : Iniciando busca de usuários afetados pelo PPPoE: gustavosantos_6
2026-03-16T13:03:23.310Z  INFO 1 --- [bff] [http-nio-8085-exec-3] b.c.s.bff.service.UsuarioAfetadoService  : Buscando usuário afetado pelo PPPoE: gustavosantos_6
2026-03-16T13:03:24.521Z  INFO 1 --- [bff] [http-nio-8085-exec-3] b.c.s.bff.service.UsuarioAfetadoService  : Usuário afetado encontrado: UsuarioAfetado(id=28, pppoe=gustavosantos_6, protocol=1898226, reason=Manutenção preventiva de rede, finishDate=2024-03-12T18:00, created=2024-03-12T16:25, createdBy=israel_barcelos)
2026-03-16T13:03:24.547Z  INFO 1 --- [bff] [http-nio-8085-exec-3] b.c.s.b.c.UsuarioAfetadoController       : Busca por PPPoE gustavosantos_6 concluída. Encontrados 1 usuários.
2026-03-16T13:04:45.864Z  INFO 1 --- [bff] [http-nio-8085-exec-4] b.c.s.b.c.UsuarioAfetadoController       : Iniciando busca de usuários afetados pelo PPPoE: gustavosantos_6
2026-03-16T13:04:45.866Z  INFO 1 --- [bff] [http-nio-8085-exec-4] b.c.s.bff.service.UsuarioAfetadoService  : Buscando usuário afetado pelo PPPoE: gustavosantos_6
2026-03-16T13:04:45.879Z  INFO 1 --- [bff] [http-nio-8085-exec-4] b.c.s.bff.service.UsuarioAfetadoService  : Usuário afetado encontrado: UsuarioAfetado(id=28, pppoe=gustavosantos_6, protocol=1898226, reason=Manutenção preventiva de rede, finishDate=2024-03-17T18:00, created=2024-03-12T16:25, createdBy=israel_barcelos)
2026-03-16T13:04:45.880Z  INFO 1 --- [bff] [http-nio-8085-exec-4] b.c.s.b.c.UsuarioAfetadoController       : Busca por PPPoE gustavosantos_6 concluída. Encontrados 1 usuários.
2026-03-16T13:05:04.087Z  INFO 1 --- [bff] [http-nio-8085-exec-5] b.c.s.b.c.UsuarioAfetadoController       : Iniciando busca de usuários afetados pelo PPPoE: gustavosantos_6
2026-03-16T13:05:04.088Z  INFO 1 --- [bff] [http-nio-8085-exec-5] b.c.s.bff.service.UsuarioAfetadoService  : Buscando usuário afetado pelo PPPoE: gustavosantos_6
2026-03-16T13:05:04.098Z  INFO 1 --- [bff] [http-nio-8085-exec-5] b.c.s.bff.service.UsuarioAfetadoService  : Usuário afetado encontrado: UsuarioAfetado(id=28, pppoe=gustavosantos_6, protocol=1898226, reason=Manutenção preventiva de rede, finishDate=2026-03-17T18:00, created=2024-03-12T16:25, createdBy=israel_barcelos)
2026-03-16T13:05:04.098Z  INFO 1 --- [bff] [http-nio-8085-exec-5] b.c.s.b.c.UsuarioAfetadoController       : Busca por PPPoE gustavosantos_6 concluída. Encontrados 1 usuários.
2026-03-16T13:15:55.205Z  INFO 1 --- [bff] [SpringApplicationShutdownHook] o.s.b.w.e.tomcat.GracefulShutdown        : Commencing graceful shutdown. Waiting for active requests to complete
2026-03-16T13:15:57.963Z  INFO 1 --- [bff] [main] br.com.sebratel.bff.BffApplication       : Starting BffApplication v1.0.0-SNAPSHOT using Java 21.0.10 with PID 1 (/app/app.jar started by root in /app)
2026-03-16T13:15:57.964Z  INFO 1 --- [bff] [main] br.com.sebratel.bff.BffApplication       : No active profile set, falling back to 1 default profile: "default"
2026-03-16T13:15:58.584Z  INFO 1 --- [bff] [main] .s.d.r.c.RepositoryConfigurationDelegate : Multiple Spring Data modules found, entering strict repository configuration mode
2026-03-16T13:15:58.585Z  INFO 1 --- [bff] [main] .s.d.r.c.RepositoryConfigurationDelegate : Bootstrapping Spring Data JPA repositories in DEFAULT mode.
2026-03-16T13:15:58.694Z  INFO 1 --- [bff] [main] .s.d.r.c.RepositoryConfigurationDelegate : Finished Spring Data repository scanning in 101 ms. Found 15 JPA repository interfaces.
2026-03-16T13:15:58.695Z  INFO 1 --- [bff] [main] .s.d.r.c.RepositoryConfigurationDelegate : Multiple Spring Data modules found, entering strict repository configuration mode
2026-03-16T13:15:58.695Z  INFO 1 --- [bff] [main] .s.d.r.c.RepositoryConfigurationDelegate : Bootstrapping Spring Data JPA repositories in DEFAULT mode.
2026-03-16T13:15:58.710Z  INFO 1 --- [bff] [main] .s.d.r.c.RepositoryConfigurationDelegate : Finished Spring Data repository scanning in 13 ms. Found 5 JPA repository interfaces.
2026-03-16T13:15:58.712Z  INFO 1 --- [bff] [main] .s.d.r.c.RepositoryConfigurationDelegate : Multiple Spring Data modules found, entering strict repository configuration mode
2026-03-16T13:15:58.712Z  INFO 1 --- [bff] [main] .s.d.r.c.RepositoryConfigurationDelegate : Bootstrapping Spring Data JPA repositories in DEFAULT mode.
2026-03-16T13:15:58.719Z  INFO 1 --- [bff] [main] .s.d.r.c.RepositoryConfigurationDelegate : Finished Spring Data repository scanning in 5 ms. Found 1 JPA repository interface.
2026-03-16T13:15:59.001Z  INFO 1 --- [bff] [main] .s.d.r.c.RepositoryConfigurationDelegate : Multiple Spring Data modules found, entering strict repository configuration mode
2026-03-16T13:15:59.003Z  INFO 1 --- [bff] [main] .s.d.r.c.RepositoryConfigurationDelegate : Bootstrapping Spring Data Redis repositories in DEFAULT mode.
2026-03-16T13:15:59.020Z  INFO 1 --- [bff] [main] .RepositoryConfigurationExtensionSupport : Spring Data Redis - Could not safely identify store assignment for repository candidate interface br.com.sebratel.bff.repository.afetados.impl.UsuarioAfetadoJPARepository; If you want this repository to be a Redis repository, consider annotating your entities with one of these annotations: org.springframework.data.redis.core.RedisHash (preferred), or consider extending one of the following types with your repository: org.springframework.data.keyvalue.repository.KeyValueRepository
2026-03-16T13:15:59.021Z  INFO 1 --- [bff] [main] .RepositoryConfigurationExtensionSupport : Spring Data Redis - Could not safely identify store assignment for repository candidate interface br.com.sebratel.bff.repository.erp.AquisicaoRepository; If you want this repository to be a Redis repository, consider annotating your entities with one of these annotations: org.springframework.data.redis.core.RedisHash (preferred), or consider extending one of the following types with your repository: org.springframework.data.keyvalue.repository.KeyValueRepository
2026-03-16T13:15:59.023Z  INFO 1 --- [bff] [main] .RepositoryConfigurationExtensionSupport : Spring Data Redis - Could not safely identify store assignment for repository candidate interface br.com.sebratel.bff.repository.erp.ContractActivationRepository; If you want this repository to be a Redis repository, consider annotating your entities with one of these annotations: org.springframework.data.redis.core.RedisHash (preferred), or consider extending one of the following types with your repository: org.springframework.data.keyvalue.repository.KeyValueRepository
2026-03-16T13:15:59.023Z  INFO 1 --- [bff] [main] .RepositoryConfigurationExtensionSupport : Spring Data Redis - Could not safely identify store assignment for repository candidate interface br.com.sebratel.bff.repository.erp.ContractPaymentRepository; If you want this repository to be a Redis repository, consider annotating your entities with one of these annotations: org.springframework.data.redis.core.RedisHash (preferred), or consider extending one of the following types with your repository: org.springframework.data.keyvalue.repository.KeyValueRepository
2026-03-16T13:15:59.024Z  INFO 1 --- [bff] [main] .RepositoryConfigurationExtensionSupport : Spring Data Redis - Could not safely identify store assignment for repository candidate interface br.com.sebratel.bff.repository.erp.ContratoAtivacaoFaturaRepository; If you want this repository to be a Redis repository, consider annotating your entities with one of these annotations: org.springframework.data.redis.core.RedisHash (preferred), or consider extending one of the following types with your repository: org.springframework.data.keyvalue.repository.KeyValueRepository
2026-03-16T13:15:59.024Z  INFO 1 --- [bff] [main] .RepositoryConfigurationExtensionSupport : Spring Data Redis - Could not safely identify store assignment for repository candidate interface br.com.sebratel.bff.repository.erp.ContratoBloqueadoRepository; If you want this repository to be a Redis repository, consider annotating your entities with one of these annotations: org.springframework.data.redis.core.RedisHash (preferred), or consider extending one of the following types with your repository: org.springframework.data.keyvalue.repository.KeyValueRepository
2026-03-16T13:15:59.025Z  INFO 1 --- [bff] [main] .RepositoryConfigurationExtensionSupport : Spring Data Redis - Could not safely identify store assignment for repository candidate interface br.com.sebratel.bff.repository.erp.ContratoSemFaturaRepository; If you want this repository to be a Redis repository, consider annotating your entities with one of these annotations: org.springframework.data.redis.core.RedisHash (preferred), or consider extending one of the following types with your repository: org.springframework.data.keyvalue.repository.KeyValueRepository
2026-03-16T13:15:59.025Z  INFO 1 --- [bff] [main] .RepositoryConfigurationExtensionSupport : Spring Data Redis - Could not safely identify store assignment for repository candidate interface br.com.sebratel.bff.repository.erp.EstoqueRepository; If you want this repository to be a Redis repository, consider annotating your entities with one of these annotations: org.springframework.data.redis.core.RedisHash (preferred), or consider extending one of the following types with your repository: org.springframework.data.keyvalue.repository.KeyValueRepository
2026-03-16T13:15:59.026Z  INFO 1 --- [bff] [main] .RepositoryConfigurationExtensionSupport : Spring Data Redis - Could not safely identify store assignment for repository candidate interface br.com.sebratel.bff.repository.erp.MovimentacaoEstoqueRepository; If you want this repository to be a Redis repository, consider annotating your entities with one of these annotations: org.springframework.data.redis.core.RedisHash (preferred), or consider extending one of the following types with your repository: org.springframework.data.keyvalue.repository.KeyValueRepository
2026-03-16T13:15:59.026Z  INFO 1 --- [bff] [main] .RepositoryConfigurationExtensionSupport : Spring Data Redis - Could not safely identify store assignment for repository candidate interface br.com.sebratel.bff.repository.erp.PatrimonioPendenteRepository; If you want this repository to be a Redis repository, consider annotating your entities with one of these annotations: org.springframework.data.redis.core.RedisHash (preferred), or consider extending one of the following types with your repository: org.springframework.data.keyvalue.repository.KeyValueRepository
2026-03-16T13:15:59.026Z  INFO 1 --- [bff] [main] .RepositoryConfigurationExtensionSupport : Spring Data Redis - Could not safely identify store assignment for repository candidate interface br.com.sebratel.bff.repository.erp.PlanoRepository; If you want this repository to be a Redis repository, consider annotating your entities with one of these annotations: org.springframework.data.redis.core.RedisHash (preferred), or consider extending one of the following types with your repository: org.springframework.data.keyvalue.repository.KeyValueRepository
2026-03-16T13:15:59.026Z  INFO 1 --- [bff] [main] .RepositoryConfigurationExtensionSupport : Spring Data Redis - Could not safely identify store assignment for repository candidate interface br.com.sebratel.bff.repository.erp.RecuperarTodasAsMassivasPeloBancoRepository; If you want this repository to be a Redis repository, consider annotating your entities with one of these annotations: org.springframework.data.redis.core.RedisHash (preferred), or consider extending one of the following types with your repository: org.springframework.data.keyvalue.repository.KeyValueRepository
2026-03-16T13:15:59.026Z  INFO 1 --- [bff] [main] .RepositoryConfigurationExtensionSupport : Spring Data Redis - Could not safely identify store assignment for repository candidate interface br.com.sebratel.bff.repository.erp.RelatorioClienteNomeDuplicadoRepository; If you want this repository to be a Redis repository, consider annotating your entities with one of these annotations: org.springframework.data.redis.core.RedisHash (preferred), or consider extending one of the following types with your repository: org.springframework.data.keyvalue.repository.KeyValueRepository
2026-03-16T13:15:59.027Z  INFO 1 --- [bff] [main] .RepositoryConfigurationExtensionSupport : Spring Data Redis - Could not safely identify store assignment for repository candidate interface br.com.sebratel.bff.repository.erp.VendedoresAtivosRepository; If you want this repository to be a Redis repository, consider annotating your entities with one of these annotations: org.springframework.data.redis.core.RedisHash (preferred), or consider extending one of the following types with your repository: org.springframework.data.keyvalue.repository.KeyValueRepository
2026-03-16T13:15:59.029Z  INFO 1 --- [bff] [main] .RepositoryConfigurationExtensionSupport : Spring Data Redis - Could not safely identify store assignment for repository candidate interface br.com.sebratel.bff.repository.erp.comercial.ContratoPersonalizadoRepository; If you want this repository to be a Redis repository, consider annotating your entities with one of these annotations: org.springframework.data.redis.core.RedisHash (preferred), or consider extending one of the following types with your repository: org.springframework.data.keyvalue.repository.KeyValueRepository
2026-03-16T13:15:59.030Z  INFO 1 --- [bff] [main] .RepositoryConfigurationExtensionSupport : Spring Data Redis - Could not safely identify store assignment for repository candidate interface br.com.sebratel.bff.repository.erp.comercial.RelatorioPlanilhaRepository; If you want this repository to be a Redis repository, consider annotating your entities with one of these annotations: org.springframework.data.redis.core.RedisHash (preferred), or consider extending one of the following types with your repository: org.springframework.data.keyvalue.repository.KeyValueRepository
2026-03-16T13:15:59.031Z  INFO 1 --- [bff] [main] .RepositoryConfigurationExtensionSupport : Spring Data Redis - Could not safely identify store assignment for repository candidate interface br.com.sebratel.bff.repository.radius.ConsumoRepository; If you want this repository to be a Redis repository, consider annotating your entities with one of these annotations: org.springframework.data.redis.core.RedisHash (preferred), or consider extending one of the following types with your repository: org.springframework.data.keyvalue.repository.KeyValueRepository
2026-03-16T13:15:59.031Z  INFO 1 --- [bff] [main] .RepositoryConfigurationExtensionSupport : Spring Data Redis - Could not safely identify store assignment for repository candidate interface br.com.sebratel.bff.repository.radius.DuplicateCallingStationRepository; If you want this repository to be a Redis repository, consider annotating your entities with one of these annotations: org.springframework.data.redis.core.RedisHash (preferred), or consider extending one of the following types with your repository: org.springframework.data.keyvalue.repository.KeyValueRepository
2026-03-16T13:15:59.032Z  INFO 1 --- [bff] [main] .RepositoryConfigurationExtensionSupport : Spring Data Redis - Could not safely identify store assignment for repository candidate interface br.com.sebratel.bff.repository.radius.DuplicatePrefixRepository; If you want this repository to be a Redis repository, consider annotating your entities with one of these annotations: org.springframework.data.redis.core.RedisHash (preferred), or consider extending one of the following types with your repository: org.springframework.data.keyvalue.repository.KeyValueRepository
2026-03-16T13:15:59.032Z  INFO 1 --- [bff] [main] .RepositoryConfigurationExtensionSupport : Spring Data Redis - Could not safely identify store assignment for repository candidate interface br.com.sebratel.bff.repository.radius.FirstAuthenticationRepository; If you want this repository to be a Redis repository, consider annotating your entities with one of these annotations: org.springframework.data.redis.core.RedisHash (preferred), or consider extending one of the following types with your repository: org.springframework.data.keyvalue.repository.KeyValueRepository
2026-03-16T13:15:59.032Z  INFO 1 --- [bff] [main] .RepositoryConfigurationExtensionSupport : Spring Data Redis - Could not safely identify store assignment for repository candidate interface br.com.sebratel.bff.repository.radius.UltimaConexaoRepository; If you want this repository to be a Redis repository, consider annotating your entities with one of these annotations: org.springframework.data.redis.core.RedisHash (preferred), or consider extending one of the following types with your repository: org.springframework.data.keyvalue.repository.KeyValueRepository
2026-03-16T13:15:59.032Z  INFO 1 --- [bff] [main] .s.d.r.c.RepositoryConfigurationDelegate : Finished Spring Data repository scanning in 22 ms. Found 0 Redis repository interfaces.
2026-03-16T13:15:59.644Z  INFO 1 --- [bff] [main] o.s.b.w.embedded.tomcat.TomcatWebServer  : Tomcat initialized with port 8085 (http)
2026-03-16T13:15:59.659Z  INFO 1 --- [bff] [main] o.apache.catalina.core.StandardService   : Starting service [Tomcat]
2026-03-16T13:15:59.660Z  INFO 1 --- [bff] [main] o.apache.catalina.core.StandardEngine    : Starting Servlet engine: [Apache Tomcat/10.1.36]
2026-03-16T13:15:59.692Z  INFO 1 --- [bff] [main] o.a.c.c.C.[Tomcat].[localhost].[/]       : Initializing Spring embedded WebApplicationContext
2026-03-16T13:15:59.693Z  INFO 1 --- [bff] [main] w.s.c.ServletWebServerApplicationContext : Root WebApplicationContext: initialization completed in 1684 ms
2026-03-16T13:16:00.160Z  INFO 1 --- [bff] [main] com.zaxxer.hikari.HikariDataSource       : HikariPool-1 - Starting...
2026-03-16T13:16:00.487Z  INFO 1 --- [bff] [main] com.zaxxer.hikari.pool.HikariPool        : HikariPool-1 - Added connection org.postgresql.jdbc.PgConnection@265287ec
2026-03-16T13:16:00.488Z  INFO 1 --- [bff] [main] com.zaxxer.hikari.HikariDataSource       : HikariPool-1 - Start completed.
2026-03-16T13:16:00.567Z  INFO 1 --- [bff] [main] o.hibernate.jpa.internal.util.LogHelper  : HHH000204: Processing PersistenceUnitInfo [name: erp]
2026-03-16T13:16:00.703Z  INFO 1 --- [bff] [main] org.hibernate.Version                    : HHH000412: Hibernate ORM core version 6.6.8.Final
2026-03-16T13:16:00.748Z  INFO 1 --- [bff] [main] o.h.c.internal.RegionFactoryInitiator    : HHH000026: Second-level cache disabled
2026-03-16T13:16:01.055Z  INFO 1 --- [bff] [main] o.s.o.j.p.SpringPersistenceUnitInfo      : No LoadTimeWeaver setup: ignoring JPA class transformer
2026-03-16T13:16:01.123Z  WARN 1 --- [bff] [main] org.hibernate.orm.deprecation            : HHH90000025: PostgreSQLDialect does not need to be specified explicitly using 'hibernate.dialect' (remove the property setting and it will be selected by default)
2026-03-16T13:16:01.145Z  INFO 1 --- [bff] [main] org.hibernate.orm.connections.pooling    : HHH10001005: Database info:
	Database JDBC URL [Connecting through datasource 'HikariDataSource (HikariPool-1)']
	Database driver: undefined/unknown
	Database version: 13.3
	Autocommit mode: undefined/unknown
	Isolation level: undefined/unknown
	Minimum pool size: undefined/unknown
	Maximum pool size: undefined/unknown
2026-03-16T13:16:01.871Z  INFO 1 --- [bff] [main] o.h.e.t.j.p.i.JtaPlatformInitiator       : HHH000489: No JTA platform available (set 'hibernate.transaction.jta.platform' to enable JTA platform integration)
2026-03-16T13:16:01.873Z  INFO 1 --- [bff] [main] j.LocalContainerEntityManagerFactoryBean : Initialized JPA EntityManagerFactory for persistence unit 'erp'
2026-03-16T13:16:01.884Z  INFO 1 --- [bff] [main] o.hibernate.jpa.internal.util.LogHelper  : HHH000204: Processing PersistenceUnitInfo [name: radius]
2026-03-16T13:16:01.887Z  INFO 1 --- [bff] [main] o.h.c.internal.RegionFactoryInitiator    : HHH000026: Second-level cache disabled
2026-03-16T13:16:01.898Z  INFO 1 --- [bff] [main] o.s.o.j.p.SpringPersistenceUnitInfo      : No LoadTimeWeaver setup: ignoring JPA class transformer
2026-03-16T13:16:01.900Z  INFO 1 --- [bff] [main] com.zaxxer.hikari.HikariDataSource       : HikariPool-2 - Starting...
2026-03-16T13:16:01.955Z  INFO 1 --- [bff] [main] com.zaxxer.hikari.pool.HikariPool        : HikariPool-2 - Added connection org.postgresql.jdbc.PgConnection@79fbcef4
2026-03-16T13:16:01.955Z  INFO 1 --- [bff] [main] com.zaxxer.hikari.HikariDataSource       : HikariPool-2 - Start completed.
2026-03-16T13:16:01.968Z  WARN 1 --- [bff] [main] org.hibernate.orm.deprecation            : HHH90000025: PostgreSQLDialect does not need to be specified explicitly using 'hibernate.dialect' (remove the property setting and it will be selected by default)
2026-03-16T13:16:01.976Z  INFO 1 --- [bff] [main] org.hibernate.orm.connections.pooling    : HHH10001005: Database info:
	Database JDBC URL [Connecting through datasource 'HikariDataSource (HikariPool-2)']
	Database driver: undefined/unknown
	Database version: 12.12
	Autocommit mode: undefined/unknown
	Isolation level: undefined/unknown
	Minimum pool size: undefined/unknown
	Maximum pool size: undefined/unknown
2026-03-16T13:16:02.035Z  INFO 1 --- [bff] [main] o.h.e.t.j.p.i.JtaPlatformInitiator       : HHH000489: No JTA platform available (set 'hibernate.transaction.jta.platform' to enable JTA platform integration)
2026-03-16T13:16:02.036Z  INFO 1 --- [bff] [main] j.LocalContainerEntityManagerFactoryBean : Initialized JPA EntityManagerFactory for persistence unit 'radius'
2026-03-16T13:16:02.044Z  INFO 1 --- [bff] [main] o.hibernate.jpa.internal.util.LogHelper  : HHH000204: Processing PersistenceUnitInfo [name: afetados]
2026-03-16T13:16:02.048Z  INFO 1 --- [bff] [main] o.h.c.internal.RegionFactoryInitiator    : HHH000026: Second-level cache disabled
2026-03-16T13:16:02.057Z  INFO 1 --- [bff] [main] o.s.o.j.p.SpringPersistenceUnitInfo      : No LoadTimeWeaver setup: ignoring JPA class transformer
2026-03-16T13:16:02.059Z  INFO 1 --- [bff] [main] com.zaxxer.hikari.HikariDataSource       : HikariPool-3 - Starting...
2026-03-16T13:16:02.121Z  INFO 1 --- [bff] [main] com.zaxxer.hikari.pool.HikariPool        : HikariPool-3 - Added connection org.mariadb.jdbc.Connection@3eb6d7a9
2026-03-16T13:16:02.121Z  INFO 1 --- [bff] [main] com.zaxxer.hikari.HikariDataSource       : HikariPool-3 - Start completed.
2026-03-16T13:16:02.129Z  WARN 1 --- [bff] [main] org.hibernate.orm.deprecation            : HHH90000025: MariaDBDialect does not need to be specified explicitly using 'hibernate.dialect' (remove the property setting and it will be selected by default)
2026-03-16T13:16:02.133Z  INFO 1 --- [bff] [main] org.hibernate.orm.connections.pooling    : HHH10001005: Database info:
	Database JDBC URL [Connecting through datasource 'HikariDataSource (HikariPool-3)']
	Database driver: undefined/unknown
	Database version: 10.11.10
	Autocommit mode: undefined/unknown
	Isolation level: undefined/unknown
	Minimum pool size: undefined/unknown
	Maximum pool size: undefined/unknown
2026-03-16T13:16:02.176Z  INFO 1 --- [bff] [main] o.h.e.t.j.p.i.JtaPlatformInitiator       : HHH000489: No JTA platform available (set 'hibernate.transaction.jta.platform' to enable JTA platform integration)
2026-03-16T13:16:02.176Z  INFO 1 --- [bff] [main] j.LocalContainerEntityManagerFactoryBean : Initialized JPA EntityManagerFactory for persistence unit 'afetados'
2026-03-16T13:16:02.395Z  INFO 1 --- [bff] [main] o.s.d.j.r.query.QueryEnhancerFactory     : Hibernate is in classpath; If applicable, HQL parser will be used.
2026-03-16T13:16:03.336Z  WARN 1 --- [bff] [main] JpaBaseConfiguration$JpaWebConfiguration : spring.jpa.open-in-view is enabled by default. Therefore, database queries may be performed during view rendering. Explicitly configure spring.jpa.open-in-view to disable this warning
2026-03-16T13:16:03.366Z  INFO 1 --- [bff] [main] r$InitializeUserDetailsManagerConfigurer : Global AuthenticationManager configured with UserDetailsService bean with name inMemoryUserDetailsManager
2026-03-16T13:16:04.017Z  INFO 1 --- [bff] [main] o.s.b.w.embedded.tomcat.TomcatWebServer  : Tomcat started on port 8085 (http) with context path '/'
2026-03-16T13:16:04.028Z  INFO 1 --- [bff] [main] br.com.sebratel.bff.BffApplication       : Started BffApplication in 6.513 seconds (process running for 7.361)
2026-03-16T13:33:38.615Z  INFO 1 --- [bff] [main] br.com.sebratel.bff.BffApplication       : Starting BffApplication v1.0.0-SNAPSHOT using Java 21.0.10 with PID 1 (/app/app.jar started by root in /app)
2026-03-16T13:33:38.619Z  INFO 1 --- [bff] [main] br.com.sebratel.bff.BffApplication       : No active profile set, falling back to 1 default profile: "default"
2026-03-16T13:33:39.360Z  INFO 1 --- [bff] [main] .s.d.r.c.RepositoryConfigurationDelegate : Multiple Spring Data modules found, entering strict repository configuration mode
2026-03-16T13:33:39.360Z  INFO 1 --- [bff] [main] .s.d.r.c.RepositoryConfigurationDelegate : Bootstrapping Spring Data JPA repositories in DEFAULT mode.
2026-03-16T13:33:39.462Z  INFO 1 --- [bff] [main] .s.d.r.c.RepositoryConfigurationDelegate : Finished Spring Data repository scanning in 94 ms. Found 15 JPA repository interfaces.
2026-03-16T13:33:39.463Z  INFO 1 --- [bff] [main] .s.d.r.c.RepositoryConfigurationDelegate : Multiple Spring Data modules found, entering strict repository configuration mode
2026-03-16T13:33:39.464Z  INFO 1 --- [bff] [main] .s.d.r.c.RepositoryConfigurationDelegate : Bootstrapping Spring Data JPA repositories in DEFAULT mode.
2026-03-16T13:33:39.476Z  INFO 1 --- [bff] [main] .s.d.r.c.RepositoryConfigurationDelegate : Finished Spring Data repository scanning in 10 ms. Found 5 JPA repository interfaces.
2026-03-16T13:33:39.478Z  INFO 1 --- [bff] [main] .s.d.r.c.RepositoryConfigurationDelegate : Multiple Spring Data modules found, entering strict repository configuration mode
2026-03-16T13:33:39.478Z  INFO 1 --- [bff] [main] .s.d.r.c.RepositoryConfigurationDelegate : Bootstrapping Spring Data JPA repositories in DEFAULT mode.
2026-03-16T13:33:39.488Z  INFO 1 --- [bff] [main] .s.d.r.c.RepositoryConfigurationDelegate : Finished Spring Data repository scanning in 8 ms. Found 1 JPA repository interface.
2026-03-16T13:33:39.793Z  INFO 1 --- [bff] [main] .s.d.r.c.RepositoryConfigurationDelegate : Multiple Spring Data modules found, entering strict repository configuration mode
2026-03-16T13:33:39.795Z  INFO 1 --- [bff] [main] .s.d.r.c.RepositoryConfigurationDelegate : Bootstrapping Spring Data Redis repositories in DEFAULT mode.
2026-03-16T13:33:39.816Z  INFO 1 --- [bff] [main] .RepositoryConfigurationExtensionSupport : Spring Data Redis - Could not safely identify store assignment for repository candidate interface br.com.sebratel.bff.repository.afetados.impl.UsuarioAfetadoJPARepository; If you want this repository to be a Redis repository, consider annotating your entities with one of these annotations: org.springframework.data.redis.core.RedisHash (preferred), or consider extending one of the following types with your repository: org.springframework.data.keyvalue.repository.KeyValueRepository
2026-03-16T13:33:39.817Z  INFO 1 --- [bff] [main] .RepositoryConfigurationExtensionSupport : Spring Data Redis - Could not safely identify store assignment for repository candidate interface br.com.sebratel.bff.repository.erp.AquisicaoRepository; If you want this repository to be a Redis repository, consider annotating your entities with one of these annotations: org.springframework.data.redis.core.RedisHash (preferred), or consider extending one of the following types with your repository: org.springframework.data.keyvalue.repository.KeyValueRepository
2026-03-16T13:33:39.818Z  INFO 1 --- [bff] [main] .RepositoryConfigurationExtensionSupport : Spring Data Redis - Could not safely identify store assignment for repository candidate interface br.com.sebratel.bff.repository.erp.ContractActivationRepository; If you want this repository to be a Redis repository, consider annotating your entities with one of these annotations: org.springframework.data.redis.core.RedisHash (preferred), or consider extending one of the following types with your repository: org.springframework.data.keyvalue.repository.KeyValueRepository
2026-03-16T13:33:39.818Z  INFO 1 --- [bff] [main] .RepositoryConfigurationExtensionSupport : Spring Data Redis - Could not safely identify store assignment for repository candidate interface br.com.sebratel.bff.repository.erp.ContractPaymentRepository; If you want this repository to be a Redis repository, consider annotating your entities with one of these annotations: org.springframework.data.redis.core.RedisHash (preferred), or consider extending one of the following types with your repository: org.springframework.data.keyvalue.repository.KeyValueRepository
2026-03-16T13:33:39.818Z  INFO 1 --- [bff] [main] .RepositoryConfigurationExtensionSupport : Spring Data Redis - Could not safely identify store assignment for repository candidate interface br.com.sebratel.bff.repository.erp.ContratoAtivacaoFaturaRepository; If you want this repository to be a Redis repository, consider annotating your entities with one of these annotations: org.springframework.data.redis.core.RedisHash (preferred), or consider extending one of the following types with your repository: org.springframework.data.keyvalue.repository.KeyValueRepository
2026-03-16T13:33:39.819Z  INFO 1 --- [bff] [main] .RepositoryConfigurationExtensionSupport : Spring Data Redis - Could not safely identify store assignment for repository candidate interface br.com.sebratel.bff.repository.erp.ContratoBloqueadoRepository; If you want this repository to be a Redis repository, consider annotating your entities with one of these annotations: org.springframework.data.redis.core.RedisHash (preferred), or consider extending one of the following types with your repository: org.springframework.data.keyvalue.repository.KeyValueRepository
2026-03-16T13:33:39.819Z  INFO 1 --- [bff] [main] .RepositoryConfigurationExtensionSupport : Spring Data Redis - Could not safely identify store assignment for repository candidate interface br.com.sebratel.bff.repository.erp.ContratoSemFaturaRepository; If you want this repository to be a Redis repository, consider annotating your entities with one of these annotations: org.springframework.data.redis.core.RedisHash (preferred), or consider extending one of the following types with your repository: org.springframework.data.keyvalue.repository.KeyValueRepository
2026-03-16T13:33:39.819Z  INFO 1 --- [bff] [main] .RepositoryConfigurationExtensionSupport : Spring Data Redis - Could not safely identify store assignment for repository candidate interface br.com.sebratel.bff.repository.erp.EstoqueRepository; If you want this repository to be a Redis repository, consider annotating your entities with one of these annotations: org.springframework.data.redis.core.RedisHash (preferred), or consider extending one of the following types with your repository: org.springframework.data.keyvalue.repository.KeyValueRepository
2026-03-16T13:33:39.819Z  INFO 1 --- [bff] [main] .RepositoryConfigurationExtensionSupport : Spring Data Redis - Could not safely identify store assignment for repository candidate interface br.com.sebratel.bff.repository.erp.MovimentacaoEstoqueRepository; If you want this repository to be a Redis repository, consider annotating your entities with one of these annotations: org.springframework.data.redis.core.RedisHash (preferred), or consider extending one of the following types with your repository: org.springframework.data.keyvalue.repository.KeyValueRepository
2026-03-16T13:33:39.820Z  INFO 1 --- [bff] [main] .RepositoryConfigurationExtensionSupport : Spring Data Redis - Could not safely identify store assignment for repository candidate interface br.com.sebratel.bff.repository.erp.PatrimonioPendenteRepository; If you want this repository to be a Redis repository, consider annotating your entities with one of these annotations: org.springframework.data.redis.core.RedisHash (preferred), or consider extending one of the following types with your repository: org.springframework.data.keyvalue.repository.KeyValueRepository
2026-03-16T13:33:39.820Z  INFO 1 --- [bff] [main] .RepositoryConfigurationExtensionSupport : Spring Data Redis - Could not safely identify store assignment for repository candidate interface br.com.sebratel.bff.repository.erp.PlanoRepository; If you want this repository to be a Redis repository, consider annotating your entities with one of these annotations: org.springframework.data.redis.core.RedisHash (preferred), or consider extending one of the following types with your repository: org.springframework.data.keyvalue.repository.KeyValueRepository
2026-03-16T13:33:39.821Z  INFO 1 --- [bff] [main] .RepositoryConfigurationExtensionSupport : Spring Data Redis - Could not safely identify store assignment for repository candidate interface br.com.sebratel.bff.repository.erp.RecuperarTodasAsMassivasPeloBancoRepository; If you want this repository to be a Redis repository, consider annotating your entities with one of these annotations: org.springframework.data.redis.core.RedisHash (preferred), or consider extending one of the following types with your repository: org.springframework.data.keyvalue.repository.KeyValueRepository
2026-03-16T13:33:39.821Z  INFO 1 --- [bff] [main] .RepositoryConfigurationExtensionSupport : Spring Data Redis - Could not safely identify store assignment for repository candidate interface br.com.sebratel.bff.repository.erp.RelatorioClienteNomeDuplicadoRepository; If you want this repository to be a Redis repository, consider annotating your entities with one of these annotations: org.springframework.data.redis.core.RedisHash (preferred), or consider extending one of the following types with your repository: org.springframework.data.keyvalue.repository.KeyValueRepository
2026-03-16T13:33:39.822Z  INFO 1 --- [bff] [main] .RepositoryConfigurationExtensionSupport : Spring Data Redis - Could not safely identify store assignment for repository candidate interface br.com.sebratel.bff.repository.erp.VendedoresAtivosRepository; If you want this repository to be a Redis repository, consider annotating your entities with one of these annotations: org.springframework.data.redis.core.RedisHash (preferred), or consider extending one of the following types with your repository: org.springframework.data.keyvalue.repository.KeyValueRepository
2026-03-16T13:33:39.823Z  INFO 1 --- [bff] [main] .RepositoryConfigurationExtensionSupport : Spring Data Redis - Could not safely identify store assignment for repository candidate interface br.com.sebratel.bff.repository.erp.comercial.ContratoPersonalizadoRepository; If you want this repository to be a Redis repository, consider annotating your entities with one of these annotations: org.springframework.data.redis.core.RedisHash (preferred), or consider extending one of the following types with your repository: org.springframework.data.keyvalue.repository.KeyValueRepository
2026-03-16T13:33:39.824Z  INFO 1 --- [bff] [main] .RepositoryConfigurationExtensionSupport : Spring Data Redis - Could not safely identify store assignment for repository candidate interface br.com.sebratel.bff.repository.erp.comercial.RelatorioPlanilhaRepository; If you want this repository to be a Redis repository, consider annotating your entities with one of these annotations: org.springframework.data.redis.core.RedisHash (preferred), or consider extending one of the following types with your repository: org.springframework.data.keyvalue.repository.KeyValueRepository
2026-03-16T13:33:39.824Z  INFO 1 --- [bff] [main] .RepositoryConfigurationExtensionSupport : Spring Data Redis - Could not safely identify store assignment for repository candidate interface br.com.sebratel.bff.repository.radius.ConsumoRepository; If you want this repository to be a Redis repository, consider annotating your entities with one of these annotations: org.springframework.data.redis.core.RedisHash (preferred), or consider extending one of the following types with your repository: org.springframework.data.keyvalue.repository.KeyValueRepository
2026-03-16T13:33:39.825Z  INFO 1 --- [bff] [main] .RepositoryConfigurationExtensionSupport : Spring Data Redis - Could not safely identify store assignment for repository candidate interface br.com.sebratel.bff.repository.radius.DuplicateCallingStationRepository; If you want this repository to be a Redis repository, consider annotating your entities with one of these annotations: org.springframework.data.redis.core.RedisHash (preferred), or consider extending one of the following types with your repository: org.springframework.data.keyvalue.repository.KeyValueRepository
2026-03-16T13:33:39.825Z  INFO 1 --- [bff] [main] .RepositoryConfigurationExtensionSupport : Spring Data Redis - Could not safely identify store assignment for repository candidate interface br.com.sebratel.bff.repository.radius.DuplicatePrefixRepository; If you want this repository to be a Redis repository, consider annotating your entities with one of these annotations: org.springframework.data.redis.core.RedisHash (preferred), or consider extending one of the following types with your repository: org.springframework.data.keyvalue.repository.KeyValueRepository
2026-03-16T13:33:39.826Z  INFO 1 --- [bff] [main] .RepositoryConfigurationExtensionSupport : Spring Data Redis - Could not safely identify store assignment for repository candidate interface br.com.sebratel.bff.repository.radius.FirstAuthenticationRepository; If you want this repository to be a Redis repository, consider annotating your entities with one of these annotations: org.springframework.data.redis.core.RedisHash (preferred), or consider extending one of the following types with your repository: org.springframework.data.keyvalue.repository.KeyValueRepository
2026-03-16T13:33:39.827Z  INFO 1 --- [bff] [main] .RepositoryConfigurationExtensionSupport : Spring Data Redis - Could not safely identify store assignment for repository candidate interface br.com.sebratel.bff.repository.radius.UltimaConexaoRepository; If you want this repository to be a Redis repository, consider annotating your entities with one of these annotations: org.springframework.data.redis.core.RedisHash (preferred), or consider extending one of the following types with your repository: org.springframework.data.keyvalue.repository.KeyValueRepository
2026-03-16T13:33:39.827Z  INFO 1 --- [bff] [main] .s.d.r.c.RepositoryConfigurationDelegate : Finished Spring Data repository scanning in 23 ms. Found 0 Redis repository interfaces.
2026-03-16T13:33:40.434Z  INFO 1 --- [bff] [main] o.s.b.w.embedded.tomcat.TomcatWebServer  : Tomcat initialized with port 8085 (http)
2026-03-16T13:33:40.452Z  INFO 1 --- [bff] [main] o.apache.catalina.core.StandardService   : Starting service [Tomcat]
2026-03-16T13:33:40.453Z  INFO 1 --- [bff] [main] o.apache.catalina.core.StandardEngine    : Starting Servlet engine: [Apache Tomcat/10.1.36]
2026-03-16T13:33:40.485Z  INFO 1 --- [bff] [main] o.a.c.c.C.[Tomcat].[localhost].[/]       : Initializing Spring embedded WebApplicationContext
2026-03-16T13:33:40.485Z  INFO 1 --- [bff] [main] w.s.c.ServletWebServerApplicationContext : Root WebApplicationContext: initialization completed in 1826 ms
2026-03-16T13:33:40.867Z  INFO 1 --- [bff] [main] com.zaxxer.hikari.HikariDataSource       : HikariPool-1 - Starting...
2026-03-16T13:33:41.259Z  INFO 1 --- [bff] [main] com.zaxxer.hikari.pool.HikariPool        : HikariPool-1 - Added connection org.postgresql.jdbc.PgConnection@41404aa2
2026-03-16T13:33:41.261Z  INFO 1 --- [bff] [main] com.zaxxer.hikari.HikariDataSource       : HikariPool-1 - Start completed.
2026-03-16T13:33:41.308Z  INFO 1 --- [bff] [main] o.hibernate.jpa.internal.util.LogHelper  : HHH000204: Processing PersistenceUnitInfo [name: erp]
2026-03-16T13:33:41.349Z  INFO 1 --- [bff] [main] org.hibernate.Version                    : HHH000412: Hibernate ORM core version 6.6.8.Final
2026-03-16T13:33:41.373Z  INFO 1 --- [bff] [main] o.h.c.internal.RegionFactoryInitiator    : HHH000026: Second-level cache disabled
2026-03-16T13:33:41.555Z  INFO 1 --- [bff] [main] o.s.o.j.p.SpringPersistenceUnitInfo      : No LoadTimeWeaver setup: ignoring JPA class transformer
2026-03-16T13:33:41.607Z  WARN 1 --- [bff] [main] org.hibernate.orm.deprecation            : HHH90000025: PostgreSQLDialect does not need to be specified explicitly using 'hibernate.dialect' (remove the property setting and it will be selected by default)
2026-03-16T13:33:41.626Z  INFO 1 --- [bff] [main] org.hibernate.orm.connections.pooling    : HHH10001005: Database info:
	Database JDBC URL [Connecting through datasource 'HikariDataSource (HikariPool-1)']
	Database driver: undefined/unknown
	Database version: 13.3
	Autocommit mode: undefined/unknown
	Isolation level: undefined/unknown
	Minimum pool size: undefined/unknown
	Maximum pool size: undefined/unknown
2026-03-16T13:33:42.252Z  INFO 1 --- [bff] [main] o.h.e.t.j.p.i.JtaPlatformInitiator       : HHH000489: No JTA platform available (set 'hibernate.transaction.jta.platform' to enable JTA platform integration)
2026-03-16T13:33:42.255Z  INFO 1 --- [bff] [main] j.LocalContainerEntityManagerFactoryBean : Initialized JPA EntityManagerFactory for persistence unit 'erp'
2026-03-16T13:33:42.266Z  INFO 1 --- [bff] [main] o.hibernate.jpa.internal.util.LogHelper  : HHH000204: Processing PersistenceUnitInfo [name: radius]
2026-03-16T13:33:42.269Z  INFO 1 --- [bff] [main] o.h.c.internal.RegionFactoryInitiator    : HHH000026: Second-level cache disabled
2026-03-16T13:33:42.278Z  INFO 1 --- [bff] [main] o.s.o.j.p.SpringPersistenceUnitInfo      : No LoadTimeWeaver setup: ignoring JPA class transformer
2026-03-16T13:33:42.280Z  INFO 1 --- [bff] [main] com.zaxxer.hikari.HikariDataSource       : HikariPool-2 - Starting...
2026-03-16T13:33:42.330Z  INFO 1 --- [bff] [main] com.zaxxer.hikari.pool.HikariPool        : HikariPool-2 - Added connection org.postgresql.jdbc.PgConnection@50ad5625
2026-03-16T13:33:42.331Z  INFO 1 --- [bff] [main] com.zaxxer.hikari.HikariDataSource       : HikariPool-2 - Start completed.
2026-03-16T13:33:42.341Z  WARN 1 --- [bff] [main] org.hibernate.orm.deprecation            : HHH90000025: PostgreSQLDialect does not need to be specified explicitly using 'hibernate.dialect' (remove the property setting and it will be selected by default)
2026-03-16T13:33:42.349Z  INFO 1 --- [bff] [main] org.hibernate.orm.connections.pooling    : HHH10001005: Database info:
	Database JDBC URL [Connecting through datasource 'HikariDataSource (HikariPool-2)']
	Database driver: undefined/unknown
	Database version: 12.12
	Autocommit mode: undefined/unknown
	Isolation level: undefined/unknown
	Minimum pool size: undefined/unknown
	Maximum pool size: undefined/unknown
2026-03-16T13:33:42.407Z  INFO 1 --- [bff] [main] o.h.e.t.j.p.i.JtaPlatformInitiator       : HHH000489: No JTA platform available (set 'hibernate.transaction.jta.platform' to enable JTA platform integration)
2026-03-16T13:33:42.407Z  INFO 1 --- [bff] [main] j.LocalContainerEntityManagerFactoryBean : Initialized JPA EntityManagerFactory for persistence unit 'radius'
2026-03-16T13:33:42.415Z  INFO 1 --- [bff] [main] o.hibernate.jpa.internal.util.LogHelper  : HHH000204: Processing PersistenceUnitInfo [name: afetados]
2026-03-16T13:33:42.419Z  INFO 1 --- [bff] [main] o.h.c.internal.RegionFactoryInitiator    : HHH000026: Second-level cache disabled
2026-03-16T13:33:42.433Z  INFO 1 --- [bff] [main] o.s.o.j.p.SpringPersistenceUnitInfo      : No LoadTimeWeaver setup: ignoring JPA class transformer
2026-03-16T13:33:42.434Z  INFO 1 --- [bff] [main] com.zaxxer.hikari.HikariDataSource       : HikariPool-3 - Starting...
2026-03-16T13:33:42.507Z  INFO 1 --- [bff] [main] com.zaxxer.hikari.pool.HikariPool        : HikariPool-3 - Added connection org.mariadb.jdbc.Connection@4353230
2026-03-16T13:33:42.507Z  INFO 1 --- [bff] [main] com.zaxxer.hikari.HikariDataSource       : HikariPool-3 - Start completed.
2026-03-16T13:33:42.517Z  WARN 1 --- [bff] [main] org.hibernate.orm.deprecation            : HHH90000025: MariaDBDialect does not need to be specified explicitly using 'hibernate.dialect' (remove the property setting and it will be selected by default)
2026-03-16T13:33:42.523Z  INFO 1 --- [bff] [main] org.hibernate.orm.connections.pooling    : HHH10001005: Database info:
	Database JDBC URL [Connecting through datasource 'HikariDataSource (HikariPool-3)']
	Database driver: undefined/unknown
	Database version: 10.11.10
	Autocommit mode: undefined/unknown
	Isolation level: undefined/unknown
	Minimum pool size: undefined/unknown
	Maximum pool size: undefined/unknown
2026-03-16T13:33:42.565Z  INFO 1 --- [bff] [main] o.h.e.t.j.p.i.JtaPlatformInitiator       : HHH000489: No JTA platform available (set 'hibernate.transaction.jta.platform' to enable JTA platform integration)
2026-03-16T13:33:42.566Z  INFO 1 --- [bff] [main] j.LocalContainerEntityManagerFactoryBean : Initialized JPA EntityManagerFactory for persistence unit 'afetados'
2026-03-16T13:33:42.752Z  INFO 1 --- [bff] [main] o.s.d.j.r.query.QueryEnhancerFactory     : Hibernate is in classpath; If applicable, HQL parser will be used.
2026-03-16T13:33:43.512Z  WARN 1 --- [bff] [main] JpaBaseConfiguration$JpaWebConfiguration : spring.jpa.open-in-view is enabled by default. Therefore, database queries may be performed during view rendering. Explicitly configure spring.jpa.open-in-view to disable this warning
2026-03-16T13:33:43.542Z  INFO 1 --- [bff] [main] r$InitializeUserDetailsManagerConfigurer : Global AuthenticationManager configured with UserDetailsService bean with name inMemoryUserDetailsManager
2026-03-16T13:33:44.113Z  INFO 1 --- [bff] [main] o.s.b.w.embedded.tomcat.TomcatWebServer  : Tomcat started on port 8085 (http) with context path '/'
2026-03-16T13:33:44.127Z  INFO 1 --- [bff] [main] br.com.sebratel.bff.BffApplication       : Started BffApplication in 5.997 seconds (process running for 6.506)
2026-03-16T13:35:33.908Z  INFO 1 --- [bff] [main] br.com.sebratel.bff.BffApplication       : Starting BffApplication v1.0.0-SNAPSHOT using Java 21.0.10 with PID 1 (/app/app.jar started by root in /app)
2026-03-16T13:35:33.911Z  INFO 1 --- [bff] [main] br.com.sebratel.bff.BffApplication       : No active profile set, falling back to 1 default profile: "default"
2026-03-16T13:35:35.082Z  INFO 1 --- [bff] [main] .s.d.r.c.RepositoryConfigurationDelegate : Multiple Spring Data modules found, entering strict repository configuration mode
2026-03-16T13:35:35.083Z  INFO 1 --- [bff] [main] .s.d.r.c.RepositoryConfigurationDelegate : Bootstrapping Spring Data JPA repositories in DEFAULT mode.
2026-03-16T13:35:35.209Z  INFO 1 --- [bff] [main] .s.d.r.c.RepositoryConfigurationDelegate : Finished Spring Data repository scanning in 118 ms. Found 15 JPA repository interfaces.
2026-03-16T13:35:35.210Z  INFO 1 --- [bff] [main] .s.d.r.c.RepositoryConfigurationDelegate : Multiple Spring Data modules found, entering strict repository configuration mode
2026-03-16T13:35:35.211Z  INFO 1 --- [bff] [main] .s.d.r.c.RepositoryConfigurationDelegate : Bootstrapping Spring Data JPA repositories in DEFAULT mode.
2026-03-16T13:35:35.221Z  INFO 1 --- [bff] [main] .s.d.r.c.RepositoryConfigurationDelegate : Finished Spring Data repository scanning in 8 ms. Found 5 JPA repository interfaces.
2026-03-16T13:35:35.223Z  INFO 1 --- [bff] [main] .s.d.r.c.RepositoryConfigurationDelegate : Multiple Spring Data modules found, entering strict repository configuration mode
2026-03-16T13:35:35.223Z  INFO 1 --- [bff] [main] .s.d.r.c.RepositoryConfigurationDelegate : Bootstrapping Spring Data JPA repositories in DEFAULT mode.
2026-03-16T13:35:35.229Z  INFO 1 --- [bff] [main] .s.d.r.c.RepositoryConfigurationDelegate : Finished Spring Data repository scanning in 5 ms. Found 1 JPA repository interface.
2026-03-16T13:35:35.603Z  INFO 1 --- [bff] [main] .s.d.r.c.RepositoryConfigurationDelegate : Multiple Spring Data modules found, entering strict repository configuration mode
2026-03-16T13:35:35.604Z  INFO 1 --- [bff] [main] .s.d.r.c.RepositoryConfigurationDelegate : Bootstrapping Spring Data Redis repositories in DEFAULT mode.
2026-03-16T13:35:35.626Z  INFO 1 --- [bff] [main] .RepositoryConfigurationExtensionSupport : Spring Data Redis - Could not safely identify store assignment for repository candidate interface br.com.sebratel.bff.repository.afetados.impl.UsuarioAfetadoJPARepository; If you want this repository to be a Redis repository, consider annotating your entities with one of these annotations: org.springframework.data.redis.core.RedisHash (preferred), or consider extending one of the following types with your repository: org.springframework.data.keyvalue.repository.KeyValueRepository
2026-03-16T13:35:35.627Z  INFO 1 --- [bff] [main] .RepositoryConfigurationExtensionSupport : Spring Data Redis - Could not safely identify store assignment for repository candidate interface br.com.sebratel.bff.repository.erp.AquisicaoRepository; If you want this repository to be a Redis repository, consider annotating your entities with one of these annotations: org.springframework.data.redis.core.RedisHash (preferred), or consider extending one of the following types with your repository: org.springframework.data.keyvalue.repository.KeyValueRepository
2026-03-16T13:35:35.628Z  INFO 1 --- [bff] [main] .RepositoryConfigurationExtensionSupport : Spring Data Redis - Could not safely identify store assignment for repository candidate interface br.com.sebratel.bff.repository.erp.ContractActivationRepository; If you want this repository to be a Redis repository, consider annotating your entities with one of these annotations: org.springframework.data.redis.core.RedisHash (preferred), or consider extending one of the following types with your repository: org.springframework.data.keyvalue.repository.KeyValueRepository
2026-03-16T13:35:35.629Z  INFO 1 --- [bff] [main] .RepositoryConfigurationExtensionSupport : Spring Data Redis - Could not safely identify store assignment for repository candidate interface br.com.sebratel.bff.repository.erp.ContractPaymentRepository; If you want this repository to be a Redis repository, consider annotating your entities with one of these annotations: org.springframework.data.redis.core.RedisHash (preferred), or consider extending one of the following types with your repository: org.springframework.data.keyvalue.repository.KeyValueRepository
2026-03-16T13:35:35.629Z  INFO 1 --- [bff] [main] .RepositoryConfigurationExtensionSupport : Spring Data Redis - Could not safely identify store assignment for repository candidate interface br.com.sebratel.bff.repository.erp.ContratoAtivacaoFaturaRepository; If you want this repository to be a Redis repository, consider annotating your entities with one of these annotations: org.springframework.data.redis.core.RedisHash (preferred), or consider extending one of the following types with your repository: org.springframework.data.keyvalue.repository.KeyValueRepository
2026-03-16T13:35:35.629Z  INFO 1 --- [bff] [main] .RepositoryConfigurationExtensionSupport : Spring Data Redis - Could not safely identify store assignment for repository candidate interface br.com.sebratel.bff.repository.erp.ContratoBloqueadoRepository; If you want this repository to be a Redis repository, consider annotating your entities with one of these annotations: org.springframework.data.redis.core.RedisHash (preferred), or consider extending one of the following types with your repository: org.springframework.data.keyvalue.repository.KeyValueRepository
2026-03-16T13:35:35.629Z  INFO 1 --- [bff] [main] .RepositoryConfigurationExtensionSupport : Spring Data Redis - Could not safely identify store assignment for repository candidate interface br.com.sebratel.bff.repository.erp.ContratoSemFaturaRepository; If you want this repository to be a Redis repository, consider annotating your entities with one of these annotations: org.springframework.data.redis.core.RedisHash (preferred), or consider extending one of the following types with your repository: org.springframework.data.keyvalue.repository.KeyValueRepository
2026-03-16T13:35:35.630Z  INFO 1 --- [bff] [main] .RepositoryConfigurationExtensionSupport : Spring Data Redis - Could not safely identify store assignment for repository candidate interface br.com.sebratel.bff.repository.erp.EstoqueRepository; If you want this repository to be a Redis repository, consider annotating your entities with one of these annotations: org.springframework.data.redis.core.RedisHash (preferred), or consider extending one of the following types with your repository: org.springframework.data.keyvalue.repository.KeyValueRepository
2026-03-16T13:35:35.630Z  INFO 1 --- [bff] [main] .RepositoryConfigurationExtensionSupport : Spring Data Redis - Could not safely identify store assignment for repository candidate interface br.com.sebratel.bff.repository.erp.MovimentacaoEstoqueRepository; If you want this repository to be a Redis repository, consider annotating your entities with one of these annotations: org.springframework.data.redis.core.RedisHash (preferred), or consider extending one of the following types with your repository: org.springframework.data.keyvalue.repository.KeyValueRepository
2026-03-16T13:35:35.630Z  INFO 1 --- [bff] [main] .RepositoryConfigurationExtensionSupport : Spring Data Redis - Could not safely identify store assignment for repository candidate interface br.com.sebratel.bff.repository.erp.PatrimonioPendenteRepository; If you want this repository to be a Redis repository, consider annotating your entities with one of these annotations: org.springframework.data.redis.core.RedisHash (preferred), or consider extending one of the following types with your repository: org.springframework.data.keyvalue.repository.KeyValueRepository
2026-03-16T13:35:35.630Z  INFO 1 --- [bff] [main] .RepositoryConfigurationExtensionSupport : Spring Data Redis - Could not safely identify store assignment for repository candidate interface br.com.sebratel.bff.repository.erp.PlanoRepository; If you want this repository to be a Redis repository, consider annotating your entities with one of these annotations: org.springframework.data.redis.core.RedisHash (preferred), or consider extending one of the following types with your repository: org.springframework.data.keyvalue.repository.KeyValueRepository
2026-03-16T13:35:35.631Z  INFO 1 --- [bff] [main] .RepositoryConfigurationExtensionSupport : Spring Data Redis - Could not safely identify store assignment for repository candidate interface br.com.sebratel.bff.repository.erp.RecuperarTodasAsMassivasPeloBancoRepository; If you want this repository to be a Redis repository, consider annotating your entities with one of these annotations: org.springframework.data.redis.core.RedisHash (preferred), or consider extending one of the following types with your repository: org.springframework.data.keyvalue.repository.KeyValueRepository
2026-03-16T13:35:35.631Z  INFO 1 --- [bff] [main] .RepositoryConfigurationExtensionSupport : Spring Data Redis - Could not safely identify store assignment for repository candidate interface br.com.sebratel.bff.repository.erp.RelatorioClienteNomeDuplicadoRepository; If you want this repository to be a Redis repository, consider annotating your entities with one of these annotations: org.springframework.data.redis.core.RedisHash (preferred), or consider extending one of the following types with your repository: org.springframework.data.keyvalue.repository.KeyValueRepository
2026-03-16T13:35:35.631Z  INFO 1 --- [bff] [main] .RepositoryConfigurationExtensionSupport : Spring Data Redis - Could not safely identify store assignment for repository candidate interface br.com.sebratel.bff.repository.erp.VendedoresAtivosRepository; If you want this repository to be a Redis repository, consider annotating your entities with one of these annotations: org.springframework.data.redis.core.RedisHash (preferred), or consider extending one of the following types with your repository: org.springframework.data.keyvalue.repository.KeyValueRepository
2026-03-16T13:35:35.631Z  INFO 1 --- [bff] [main] .RepositoryConfigurationExtensionSupport : Spring Data Redis - Could not safely identify store assignment for repository candidate interface br.com.sebratel.bff.repository.erp.comercial.ContratoPersonalizadoRepository; If you want this repository to be a Redis repository, consider annotating your entities with one of these annotations: org.springframework.data.redis.core.RedisHash (preferred), or consider extending one of the following types with your repository: org.springframework.data.keyvalue.repository.KeyValueRepository
2026-03-16T13:35:35.631Z  INFO 1 --- [bff] [main] .RepositoryConfigurationExtensionSupport : Spring Data Redis - Could not safely identify store assignment for repository candidate interface br.com.sebratel.bff.repository.erp.comercial.RelatorioPlanilhaRepository; If you want this repository to be a Redis repository, consider annotating your entities with one of these annotations: org.springframework.data.redis.core.RedisHash (preferred), or consider extending one of the following types with your repository: org.springframework.data.keyvalue.repository.KeyValueRepository
2026-03-16T13:35:35.632Z  INFO 1 --- [bff] [main] .RepositoryConfigurationExtensionSupport : Spring Data Redis - Could not safely identify store assignment for repository candidate interface br.com.sebratel.bff.repository.radius.ConsumoRepository; If you want this repository to be a Redis repository, consider annotating your entities with one of these annotations: org.springframework.data.redis.core.RedisHash (preferred), or consider extending one of the following types with your repository: org.springframework.data.keyvalue.repository.KeyValueRepository
2026-03-16T13:35:35.632Z  INFO 1 --- [bff] [main] .RepositoryConfigurationExtensionSupport : Spring Data Redis - Could not safely identify store assignment for repository candidate interface br.com.sebratel.bff.repository.radius.DuplicateCallingStationRepository; If you want this repository to be a Redis repository, consider annotating your entities with one of these annotations: org.springframework.data.redis.core.RedisHash (preferred), or consider extending one of the following types with your repository: org.springframework.data.keyvalue.repository.KeyValueRepository
2026-03-16T13:35:35.632Z  INFO 1 --- [bff] [main] .RepositoryConfigurationExtensionSupport : Spring Data Redis - Could not safely identify store assignment for repository candidate interface br.com.sebratel.bff.repository.radius.DuplicatePrefixRepository; If you want this repository to be a Redis repository, consider annotating your entities with one of these annotations: org.springframework.data.redis.core.RedisHash (preferred), or consider extending one of the following types with your repository: org.springframework.data.keyvalue.repository.KeyValueRepository
2026-03-16T13:35:35.632Z  INFO 1 --- [bff] [main] .RepositoryConfigurationExtensionSupport : Spring Data Redis - Could not safely identify store assignment for repository candidate interface br.com.sebratel.bff.repository.radius.FirstAuthenticationRepository; If you want this repository to be a Redis repository, consider annotating your entities with one of these annotations: org.springframework.data.redis.core.RedisHash (preferred), or consider extending one of the following types with your repository: org.springframework.data.keyvalue.repository.KeyValueRepository
2026-03-16T13:35:35.633Z  INFO 1 --- [bff] [main] .RepositoryConfigurationExtensionSupport : Spring Data Redis - Could not safely identify store assignment for repository candidate interface br.com.sebratel.bff.repository.radius.UltimaConexaoRepository; If you want this repository to be a Redis repository, consider annotating your entities with one of these annotations: org.springframework.data.redis.core.RedisHash (preferred), or consider extending one of the following types with your repository: org.springframework.data.keyvalue.repository.KeyValueRepository
2026-03-16T13:35:35.633Z  INFO 1 --- [bff] [main] .s.d.r.c.RepositoryConfigurationDelegate : Finished Spring Data repository scanning in 20 ms. Found 0 Redis repository interfaces.
2026-03-16T13:35:36.545Z  INFO 1 --- [bff] [main] o.s.b.w.embedded.tomcat.TomcatWebServer  : Tomcat initialized with port 8085 (http)
2026-03-16T13:35:36.571Z  INFO 1 --- [bff] [main] o.apache.catalina.core.StandardService   : Starting service [Tomcat]
2026-03-16T13:35:36.572Z  INFO 1 --- [bff] [main] o.apache.catalina.core.StandardEngine    : Starting Servlet engine: [Apache Tomcat/10.1.36]
2026-03-16T13:35:36.613Z  INFO 1 --- [bff] [main] o.a.c.c.C.[Tomcat].[localhost].[/]       : Initializing Spring embedded WebApplicationContext
2026-03-16T13:35:36.614Z  INFO 1 --- [bff] [main] w.s.c.ServletWebServerApplicationContext : Root WebApplicationContext: initialization completed in 2659 ms
2026-03-16T13:35:37.043Z  INFO 1 --- [bff] [main] com.zaxxer.hikari.HikariDataSource       : HikariPool-1 - Starting...
2026-03-16T13:35:37.391Z  INFO 1 --- [bff] [main] com.zaxxer.hikari.pool.HikariPool        : HikariPool-1 - Added connection org.postgresql.jdbc.PgConnection@31e22365
2026-03-16T13:35:37.392Z  INFO 1 --- [bff] [main] com.zaxxer.hikari.HikariDataSource       : HikariPool-1 - Start completed.
2026-03-16T13:35:37.432Z  INFO 1 --- [bff] [main] o.hibernate.jpa.internal.util.LogHelper  : HHH000204: Processing PersistenceUnitInfo [name: erp]
2026-03-16T13:35:37.467Z  INFO 1 --- [bff] [main] org.hibernate.Version                    : HHH000412: Hibernate ORM core version 6.6.8.Final
2026-03-16T13:35:37.492Z  INFO 1 --- [bff] [main] o.h.c.internal.RegionFactoryInitiator    : HHH000026: Second-level cache disabled
2026-03-16T13:35:37.654Z  INFO 1 --- [bff] [main] o.s.o.j.p.SpringPersistenceUnitInfo      : No LoadTimeWeaver setup: ignoring JPA class transformer
2026-03-16T13:35:37.700Z  WARN 1 --- [bff] [main] org.hibernate.orm.deprecation            : HHH90000025: PostgreSQLDialect does not need to be specified explicitly using 'hibernate.dialect' (remove the property setting and it will be selected by default)
2026-03-16T13:35:37.717Z  INFO 1 --- [bff] [main] org.hibernate.orm.connections.pooling    : HHH10001005: Database info:
	Database JDBC URL [Connecting through datasource 'HikariDataSource (HikariPool-1)']
	Database driver: undefined/unknown
	Database version: 13.3
	Autocommit mode: undefined/unknown
	Isolation level: undefined/unknown
	Minimum pool size: undefined/unknown
	Maximum pool size: undefined/unknown
2026-03-16T13:35:38.499Z  INFO 1 --- [bff] [main] o.h.e.t.j.p.i.JtaPlatformInitiator       : HHH000489: No JTA platform available (set 'hibernate.transaction.jta.platform' to enable JTA platform integration)
2026-03-16T13:35:38.501Z  INFO 1 --- [bff] [main] j.LocalContainerEntityManagerFactoryBean : Initialized JPA EntityManagerFactory for persistence unit 'erp'
2026-03-16T13:35:38.521Z  INFO 1 --- [bff] [main] o.hibernate.jpa.internal.util.LogHelper  : HHH000204: Processing PersistenceUnitInfo [name: radius]
2026-03-16T13:35:38.526Z  INFO 1 --- [bff] [main] o.h.c.internal.RegionFactoryInitiator    : HHH000026: Second-level cache disabled
2026-03-16T13:35:38.541Z  INFO 1 --- [bff] [main] o.s.o.j.p.SpringPersistenceUnitInfo      : No LoadTimeWeaver setup: ignoring JPA class transformer
2026-03-16T13:35:38.543Z  INFO 1 --- [bff] [main] com.zaxxer.hikari.HikariDataSource       : HikariPool-2 - Starting...
2026-03-16T13:35:38.593Z  INFO 1 --- [bff] [main] com.zaxxer.hikari.pool.HikariPool        : HikariPool-2 - Added connection org.postgresql.jdbc.PgConnection@6b83ec49
2026-03-16T13:35:38.593Z  INFO 1 --- [bff] [main] com.zaxxer.hikari.HikariDataSource       : HikariPool-2 - Start completed.
2026-03-16T13:35:38.604Z  WARN 1 --- [bff] [main] org.hibernate.orm.deprecation            : HHH90000025: PostgreSQLDialect does not need to be specified explicitly using 'hibernate.dialect' (remove the property setting and it will be selected by default)
2026-03-16T13:35:38.612Z  INFO 1 --- [bff] [main] org.hibernate.orm.connections.pooling    : HHH10001005: Database info:
	Database JDBC URL [Connecting through datasource 'HikariDataSource (HikariPool-2)']
	Database driver: undefined/unknown
	Database version: 12.12
	Autocommit mode: undefined/unknown
	Isolation level: undefined/unknown
	Minimum pool size: undefined/unknown
	Maximum pool size: undefined/unknown
2026-03-16T13:35:38.671Z  INFO 1 --- [bff] [main] o.h.e.t.j.p.i.JtaPlatformInitiator       : HHH000489: No JTA platform available (set 'hibernate.transaction.jta.platform' to enable JTA platform integration)
2026-03-16T13:35:38.672Z  INFO 1 --- [bff] [main] j.LocalContainerEntityManagerFactoryBean : Initialized JPA EntityManagerFactory for persistence unit 'radius'
2026-03-16T13:35:38.679Z  INFO 1 --- [bff] [main] o.hibernate.jpa.internal.util.LogHelper  : HHH000204: Processing PersistenceUnitInfo [name: afetados]
2026-03-16T13:35:38.683Z  INFO 1 --- [bff] [main] o.h.c.internal.RegionFactoryInitiator    : HHH000026: Second-level cache disabled
2026-03-16T13:35:38.691Z  INFO 1 --- [bff] [main] o.s.o.j.p.SpringPersistenceUnitInfo      : No LoadTimeWeaver setup: ignoring JPA class transformer
2026-03-16T13:35:38.695Z  INFO 1 --- [bff] [main] com.zaxxer.hikari.HikariDataSource       : HikariPool-3 - Starting...
2026-03-16T13:35:38.773Z  INFO 1 --- [bff] [main] com.zaxxer.hikari.pool.HikariPool        : HikariPool-3 - Added connection org.mariadb.jdbc.Connection@72fc6b5e
2026-03-16T13:35:38.773Z  INFO 1 --- [bff] [main] com.zaxxer.hikari.HikariDataSource       : HikariPool-3 - Start completed.
2026-03-16T13:35:38.790Z  WARN 1 --- [bff] [main] org.hibernate.orm.deprecation            : HHH90000025: MariaDBDialect does not need to be specified explicitly using 'hibernate.dialect' (remove the property setting and it will be selected by default)
2026-03-16T13:35:38.796Z  INFO 1 --- [bff] [main] org.hibernate.orm.connections.pooling    : HHH10001005: Database info:
	Database JDBC URL [Connecting through datasource 'HikariDataSource (HikariPool-3)']
	Database driver: undefined/unknown
	Database version: 10.11.10
	Autocommit mode: undefined/unknown
	Isolation level: undefined/unknown
	Minimum pool size: undefined/unknown
	Maximum pool size: undefined/unknown
2026-03-16T13:35:38.842Z  INFO 1 --- [bff] [main] o.h.e.t.j.p.i.JtaPlatformInitiator       : HHH000489: No JTA platform available (set 'hibernate.transaction.jta.platform' to enable JTA platform integration)
2026-03-16T13:35:38.842Z  INFO 1 --- [bff] [main] j.LocalContainerEntityManagerFactoryBean : Initialized JPA EntityManagerFactory for persistence unit 'afetados'
2026-03-16T13:35:39.085Z  INFO 1 --- [bff] [main] o.s.d.j.r.query.QueryEnhancerFactory     : Hibernate is in classpath; If applicable, HQL parser will be used.
2026-03-16T13:35:39.954Z  WARN 1 --- [bff] [main] JpaBaseConfiguration$JpaWebConfiguration : spring.jpa.open-in-view is enabled by default. Therefore, database queries may be performed during view rendering. Explicitly configure spring.jpa.open-in-view to disable this warning
2026-03-16T13:35:39.999Z  INFO 1 --- [bff] [main] r$InitializeUserDetailsManagerConfigurer : Global AuthenticationManager configured with UserDetailsService bean with name inMemoryUserDetailsManager
2026-03-16T13:35:40.821Z  INFO 1 --- [bff] [main] o.s.b.w.embedded.tomcat.TomcatWebServer  : Tomcat started on port 8085 (http) with context path '/'
2026-03-16T13:35:40.834Z  INFO 1 --- [bff] [main] br.com.sebratel.bff.BffApplication       : Started BffApplication in 7.666 seconds (process running for 8.483)
2026-03-16T13:37:19.469Z  INFO 1 --- [bff] [http-nio-8085-exec-1] o.a.c.c.C.[Tomcat].[localhost].[/]       : Initializing Spring DispatcherServlet 'dispatcherServlet'
2026-03-16T13:37:19.470Z  INFO 1 --- [bff] [http-nio-8085-exec-1] o.s.web.servlet.DispatcherServlet        : Initializing Servlet 'dispatcherServlet'
2026-03-16T13:37:19.472Z  INFO 1 --- [bff] [http-nio-8085-exec-1] o.s.web.servlet.DispatcherServlet        : Completed initialization in 2 ms
2026-03-16T13:37:19.583Z  INFO 1 --- [bff] [http-nio-8085-exec-1] b.c.s.b.c.ApoioSemanalController         : Iniciando relatorio para ADRIANO RODRIGUES DE FREITAS
2026-03-16T13:37:19.609Z  INFO 1 --- [bff] [http-nio-8085-exec-1] b.c.s.bff.service.ApoioSemanalService    : Busca vai sair do Março
2026-03-16T13:37:36.219Z  INFO 1 --- [bff] [http-nio-8085-exec-2] b.c.s.b.c.ApoioSemanalController         : Iniciando relatorio para ADRIANO RODRIGUES DE FREITAS
2026-03-16T13:37:36.225Z  INFO 1 --- [bff] [http-nio-8085-exec-2] b.c.s.bff.service.ApoioSemanalService    : Busca vai sair do Março
2026-03-16T13:37:44.351Z  INFO 1 --- [bff] [SpringApplicationShutdownHook] o.s.b.w.e.tomcat.GracefulShutdown        : Commencing graceful shutdown. Waiting for active requests to complete
2026-03-16T13:37:44.358Z  INFO 1 --- [bff] [tomcat-shutdown] o.s.b.w.e.tomcat.GracefulShutdown        : Graceful shutdown complete
2026-03-16T19:00:28.607Z  INFO 1 --- [bff] [main] br.com.sebratel.bff.BffApplication       : Starting BffApplication v1.0.0-SNAPSHOT using Java 21.0.10 with PID 1 (/app/app.jar started by root in /app)
2026-03-16T19:00:28.612Z  INFO 1 --- [bff] [main] br.com.sebratel.bff.BffApplication       : No active profile set, falling back to 1 default profile: "default"
2026-03-16T19:00:29.379Z  INFO 1 --- [bff] [main] .s.d.r.c.RepositoryConfigurationDelegate : Multiple Spring Data modules found, entering strict repository configuration mode
2026-03-16T19:00:29.380Z  INFO 1 --- [bff] [main] .s.d.r.c.RepositoryConfigurationDelegate : Bootstrapping Spring Data JPA repositories in DEFAULT mode.
2026-03-16T19:00:29.491Z  INFO 1 --- [bff] [main] .s.d.r.c.RepositoryConfigurationDelegate : Finished Spring Data repository scanning in 103 ms. Found 15 JPA repository interfaces.
2026-03-16T19:00:29.492Z  INFO 1 --- [bff] [main] .s.d.r.c.RepositoryConfigurationDelegate : Multiple Spring Data modules found, entering strict repository configuration mode
2026-03-16T19:00:29.492Z  INFO 1 --- [bff] [main] .s.d.r.c.RepositoryConfigurationDelegate : Bootstrapping Spring Data JPA repositories in DEFAULT mode.
2026-03-16T19:00:29.502Z  INFO 1 --- [bff] [main] .s.d.r.c.RepositoryConfigurationDelegate : Finished Spring Data repository scanning in 8 ms. Found 5 JPA repository interfaces.
2026-03-16T19:00:29.504Z  INFO 1 --- [bff] [main] .s.d.r.c.RepositoryConfigurationDelegate : Multiple Spring Data modules found, entering strict repository configuration mode
2026-03-16T19:00:29.504Z  INFO 1 --- [bff] [main] .s.d.r.c.RepositoryConfigurationDelegate : Bootstrapping Spring Data JPA repositories in DEFAULT mode.
2026-03-16T19:00:29.510Z  INFO 1 --- [bff] [main] .s.d.r.c.RepositoryConfigurationDelegate : Finished Spring Data repository scanning in 4 ms. Found 1 JPA repository interface.
2026-03-16T19:00:29.842Z  INFO 1 --- [bff] [main] .s.d.r.c.RepositoryConfigurationDelegate : Multiple Spring Data modules found, entering strict repository configuration mode
2026-03-16T19:00:29.843Z  INFO 1 --- [bff] [main] .s.d.r.c.RepositoryConfigurationDelegate : Bootstrapping Spring Data Redis repositories in DEFAULT mode.
2026-03-16T19:00:29.864Z  INFO 1 --- [bff] [main] .RepositoryConfigurationExtensionSupport : Spring Data Redis - Could not safely identify store assignment for repository candidate interface br.com.sebratel.bff.repository.afetados.impl.UsuarioAfetadoJPARepository; If you want this repository to be a Redis repository, consider annotating your entities with one of these annotations: org.springframework.data.redis.core.RedisHash (preferred), or consider extending one of the following types with your repository: org.springframework.data.keyvalue.repository.KeyValueRepository
2026-03-16T19:00:29.865Z  INFO 1 --- [bff] [main] .RepositoryConfigurationExtensionSupport : Spring Data Redis - Could not safely identify store assignment for repository candidate interface br.com.sebratel.bff.repository.erp.AquisicaoRepository; If you want this repository to be a Redis repository, consider annotating your entities with one of these annotations: org.springframework.data.redis.core.RedisHash (preferred), or consider extending one of the following types with your repository: org.springframework.data.keyvalue.repository.KeyValueRepository
2026-03-16T19:00:29.866Z  INFO 1 --- [bff] [main] .RepositoryConfigurationExtensionSupport : Spring Data Redis - Could not safely identify store assignment for repository candidate interface br.com.sebratel.bff.repository.erp.ContractActivationRepository; If you want this repository to be a Redis repository, consider annotating your entities with one of these annotations: org.springframework.data.redis.core.RedisHash (preferred), or consider extending one of the following types with your repository: org.springframework.data.keyvalue.repository.KeyValueRepository
2026-03-16T19:00:29.867Z  INFO 1 --- [bff] [main] .RepositoryConfigurationExtensionSupport : Spring Data Redis - Could not safely identify store assignment for repository candidate interface br.com.sebratel.bff.repository.erp.ContractPaymentRepository; If you want this repository to be a Redis repository, consider annotating your entities with one of these annotations: org.springframework.data.redis.core.RedisHash (preferred), or consider extending one of the following types with your repository: org.springframework.data.keyvalue.repository.KeyValueRepository
2026-03-16T19:00:29.867Z  INFO 1 --- [bff] [main] .RepositoryConfigurationExtensionSupport : Spring Data Redis - Could not safely identify store assignment for repository candidate interface br.com.sebratel.bff.repository.erp.ContratoAtivacaoFaturaRepository; If you want this repository to be a Redis repository, consider annotating your entities with one of these annotations: org.springframework.data.redis.core.RedisHash (preferred), or consider extending one of the following types with your repository: org.springframework.data.keyvalue.repository.KeyValueRepository
2026-03-16T19:00:29.867Z  INFO 1 --- [bff] [main] .RepositoryConfigurationExtensionSupport : Spring Data Redis - Could not safely identify store assignment for repository candidate interface br.com.sebratel.bff.repository.erp.ContratoBloqueadoRepository; If you want this repository to be a Redis repository, consider annotating your entities with one of these annotations: org.springframework.data.redis.core.RedisHash (preferred), or consider extending one of the following types with your repository: org.springframework.data.keyvalue.repository.KeyValueRepository
2026-03-16T19:00:29.867Z  INFO 1 --- [bff] [main] .RepositoryConfigurationExtensionSupport : Spring Data Redis - Could not safely identify store assignment for repository candidate interface br.com.sebratel.bff.repository.erp.ContratoSemFaturaRepository; If you want this repository to be a Redis repository, consider annotating your entities with one of these annotations: org.springframework.data.redis.core.RedisHash (preferred), or consider extending one of the following types with your repository: org.springframework.data.keyvalue.repository.KeyValueRepository
2026-03-16T19:00:29.867Z  INFO 1 --- [bff] [main] .RepositoryConfigurationExtensionSupport : Spring Data Redis - Could not safely identify store assignment for repository candidate interface br.com.sebratel.bff.repository.erp.EstoqueRepository; If you want this repository to be a Redis repository, consider annotating your entities with one of these annotations: org.springframework.data.redis.core.RedisHash (preferred), or consider extending one of the following types with your repository: org.springframework.data.keyvalue.repository.KeyValueRepository
2026-03-16T19:00:29.868Z  INFO 1 --- [bff] [main] .RepositoryConfigurationExtensionSupport : Spring Data Redis - Could not safely identify store assignment for repository candidate interface br.com.sebratel.bff.repository.erp.MovimentacaoEstoqueRepository; If you want this repository to be a Redis repository, consider annotating your entities with one of these annotations: org.springframework.data.redis.core.RedisHash (preferred), or consider extending one of the following types with your repository: org.springframework.data.keyvalue.repository.KeyValueRepository
2026-03-16T19:00:29.868Z  INFO 1 --- [bff] [main] .RepositoryConfigurationExtensionSupport : Spring Data Redis - Could not safely identify store assignment for repository candidate interface br.com.sebratel.bff.repository.erp.PatrimonioPendenteRepository; If you want this repository to be a Redis repository, consider annotating your entities with one of these annotations: org.springframework.data.redis.core.RedisHash (preferred), or consider extending one of the following types with your repository: org.springframework.data.keyvalue.repository.KeyValueRepository
2026-03-16T19:00:29.868Z  INFO 1 --- [bff] [main] .RepositoryConfigurationExtensionSupport : Spring Data Redis - Could not safely identify store assignment for repository candidate interface br.com.sebratel.bff.repository.erp.PlanoRepository; If you want this repository to be a Redis repository, consider annotating your entities with one of these annotations: org.springframework.data.redis.core.RedisHash (preferred), or consider extending one of the following types with your repository: org.springframework.data.keyvalue.repository.KeyValueRepository
2026-03-16T19:00:29.868Z  INFO 1 --- [bff] [main] .RepositoryConfigurationExtensionSupport : Spring Data Redis - Could not safely identify store assignment for repository candidate interface br.com.sebratel.bff.repository.erp.RecuperarTodasAsMassivasPeloBancoRepository; If you want this repository to be a Redis repository, consider annotating your entities with one of these annotations: org.springframework.data.redis.core.RedisHash (preferred), or consider extending one of the following types with your repository: org.springframework.data.keyvalue.repository.KeyValueRepository
2026-03-16T19:00:29.868Z  INFO 1 --- [bff] [main] .RepositoryConfigurationExtensionSupport : Spring Data Redis - Could not safely identify store assignment for repository candidate interface br.com.sebratel.bff.repository.erp.RelatorioClienteNomeDuplicadoRepository; If you want this repository to be a Redis repository, consider annotating your entities with one of these annotations: org.springframework.data.redis.core.RedisHash (preferred), or consider extending one of the following types with your repository: org.springframework.data.keyvalue.repository.KeyValueRepository
2026-03-16T19:00:29.869Z  INFO 1 --- [bff] [main] .RepositoryConfigurationExtensionSupport : Spring Data Redis - Could not safely identify store assignment for repository candidate interface br.com.sebratel.bff.repository.erp.VendedoresAtivosRepository; If you want this repository to be a Redis repository, consider annotating your entities with one of these annotations: org.springframework.data.redis.core.RedisHash (preferred), or consider extending one of the following types with your repository: org.springframework.data.keyvalue.repository.KeyValueRepository
2026-03-16T19:00:29.870Z  INFO 1 --- [bff] [main] .RepositoryConfigurationExtensionSupport : Spring Data Redis - Could not safely identify store assignment for repository candidate interface br.com.sebratel.bff.repository.erp.comercial.ContratoPersonalizadoRepository; If you want this repository to be a Redis repository, consider annotating your entities with one of these annotations: org.springframework.data.redis.core.RedisHash (preferred), or consider extending one of the following types with your repository: org.springframework.data.keyvalue.repository.KeyValueRepository
2026-03-16T19:00:29.870Z  INFO 1 --- [bff] [main] .RepositoryConfigurationExtensionSupport : Spring Data Redis - Could not safely identify store assignment for repository candidate interface br.com.sebratel.bff.repository.erp.comercial.RelatorioPlanilhaRepository; If you want this repository to be a Redis repository, consider annotating your entities with one of these annotations: org.springframework.data.redis.core.RedisHash (preferred), or consider extending one of the following types with your repository: org.springframework.data.keyvalue.repository.KeyValueRepository
2026-03-16T19:00:29.870Z  INFO 1 --- [bff] [main] .RepositoryConfigurationExtensionSupport : Spring Data Redis - Could not safely identify store assignment for repository candidate interface br.com.sebratel.bff.repository.radius.ConsumoRepository; If you want this repository to be a Redis repository, consider annotating your entities with one of these annotations: org.springframework.data.redis.core.RedisHash (preferred), or consider extending one of the following types with your repository: org.springframework.data.keyvalue.repository.KeyValueRepository
2026-03-16T19:00:29.870Z  INFO 1 --- [bff] [main] .RepositoryConfigurationExtensionSupport : Spring Data Redis - Could not safely identify store assignment for repository candidate interface br.com.sebratel.bff.repository.radius.DuplicateCallingStationRepository; If you want this repository to be a Redis repository, consider annotating your entities with one of these annotations: org.springframework.data.redis.core.RedisHash (preferred), or consider extending one of the following types with your repository: org.springframework.data.keyvalue.repository.KeyValueRepository
2026-03-16T19:00:29.870Z  INFO 1 --- [bff] [main] .RepositoryConfigurationExtensionSupport : Spring Data Redis - Could not safely identify store assignment for repository candidate interface br.com.sebratel.bff.repository.radius.DuplicatePrefixRepository; If you want this repository to be a Redis repository, consider annotating your entities with one of these annotations: org.springframework.data.redis.core.RedisHash (preferred), or consider extending one of the following types with your repository: org.springframework.data.keyvalue.repository.KeyValueRepository
2026-03-16T19:00:29.871Z  INFO 1 --- [bff] [main] .RepositoryConfigurationExtensionSupport : Spring Data Redis - Could not safely identify store assignment for repository candidate interface br.com.sebratel.bff.repository.radius.FirstAuthenticationRepository; If you want this repository to be a Redis repository, consider annotating your entities with one of these annotations: org.springframework.data.redis.core.RedisHash (preferred), or consider extending one of the following types with your repository: org.springframework.data.keyvalue.repository.KeyValueRepository
2026-03-16T19:00:29.871Z  INFO 1 --- [bff] [main] .RepositoryConfigurationExtensionSupport : Spring Data Redis - Could not safely identify store assignment for repository candidate interface br.com.sebratel.bff.repository.radius.UltimaConexaoRepository; If you want this repository to be a Redis repository, consider annotating your entities with one of these annotations: org.springframework.data.redis.core.RedisHash (preferred), or consider extending one of the following types with your repository: org.springframework.data.keyvalue.repository.KeyValueRepository
2026-03-16T19:00:29.871Z  INFO 1 --- [bff] [main] .s.d.r.c.RepositoryConfigurationDelegate : Finished Spring Data repository scanning in 21 ms. Found 0 Redis repository interfaces.
2026-03-16T19:00:30.575Z  INFO 1 --- [bff] [main] o.s.b.w.embedded.tomcat.TomcatWebServer  : Tomcat initialized with port 8085 (http)
2026-03-16T19:00:30.591Z  INFO 1 --- [bff] [main] o.apache.catalina.core.StandardService   : Starting service [Tomcat]
2026-03-16T19:00:30.592Z  INFO 1 --- [bff] [main] o.apache.catalina.core.StandardEngine    : Starting Servlet engine: [Apache Tomcat/10.1.36]
2026-03-16T19:00:30.620Z  INFO 1 --- [bff] [main] o.a.c.c.C.[Tomcat].[localhost].[/]       : Initializing Spring embedded WebApplicationContext
2026-03-16T19:00:30.620Z  INFO 1 --- [bff] [main] w.s.c.ServletWebServerApplicationContext : Root WebApplicationContext: initialization completed in 1968 ms
2026-03-16T19:00:30.985Z  INFO 1 --- [bff] [main] com.zaxxer.hikari.HikariDataSource       : HikariPool-1 - Starting...
2026-03-16T19:00:31.288Z  INFO 1 --- [bff] [main] com.zaxxer.hikari.pool.HikariPool        : HikariPool-1 - Added connection org.postgresql.jdbc.PgConnection@48860139
2026-03-16T19:00:31.289Z  INFO 1 --- [bff] [main] com.zaxxer.hikari.HikariDataSource       : HikariPool-1 - Start completed.
2026-03-16T19:00:31.326Z  INFO 1 --- [bff] [main] o.hibernate.jpa.internal.util.LogHelper  : HHH000204: Processing PersistenceUnitInfo [name: erp]
2026-03-16T19:00:31.361Z  INFO 1 --- [bff] [main] org.hibernate.Version                    : HHH000412: Hibernate ORM core version 6.6.8.Final
2026-03-16T19:00:31.382Z  INFO 1 --- [bff] [main] o.h.c.internal.RegionFactoryInitiator    : HHH000026: Second-level cache disabled
2026-03-16T19:00:31.542Z  INFO 1 --- [bff] [main] o.s.o.j.p.SpringPersistenceUnitInfo      : No LoadTimeWeaver setup: ignoring JPA class transformer
2026-03-16T19:00:31.585Z  WARN 1 --- [bff] [main] org.hibernate.orm.deprecation            : HHH90000025: PostgreSQLDialect does not need to be specified explicitly using 'hibernate.dialect' (remove the property setting and it will be selected by default)
2026-03-16T19:00:31.602Z  INFO 1 --- [bff] [main] org.hibernate.orm.connections.pooling    : HHH10001005: Database info:
	Database JDBC URL [Connecting through datasource 'HikariDataSource (HikariPool-1)']
	Database driver: undefined/unknown
	Database version: 13.3
	Autocommit mode: undefined/unknown
	Isolation level: undefined/unknown
	Minimum pool size: undefined/unknown
	Maximum pool size: undefined/unknown
2026-03-16T19:00:32.126Z  INFO 1 --- [bff] [main] o.h.e.t.j.p.i.JtaPlatformInitiator       : HHH000489: No JTA platform available (set 'hibernate.transaction.jta.platform' to enable JTA platform integration)
2026-03-16T19:00:32.128Z  INFO 1 --- [bff] [main] j.LocalContainerEntityManagerFactoryBean : Initialized JPA EntityManagerFactory for persistence unit 'erp'
2026-03-16T19:00:32.153Z  INFO 1 --- [bff] [main] o.hibernate.jpa.internal.util.LogHelper  : HHH000204: Processing PersistenceUnitInfo [name: radius]
2026-03-16T19:00:32.157Z  INFO 1 --- [bff] [main] o.h.c.internal.RegionFactoryInitiator    : HHH000026: Second-level cache disabled
2026-03-16T19:00:32.163Z  INFO 1 --- [bff] [main] o.s.o.j.p.SpringPersistenceUnitInfo      : No LoadTimeWeaver setup: ignoring JPA class transformer
2026-03-16T19:00:32.165Z  INFO 1 --- [bff] [main] com.zaxxer.hikari.HikariDataSource       : HikariPool-2 - Starting...
2026-03-16T19:00:32.217Z  INFO 1 --- [bff] [main] com.zaxxer.hikari.pool.HikariPool        : HikariPool-2 - Added connection org.postgresql.jdbc.PgConnection@68ac6e6e
2026-03-16T19:00:32.218Z  INFO 1 --- [bff] [main] com.zaxxer.hikari.HikariDataSource       : HikariPool-2 - Start completed.
2026-03-16T19:00:32.232Z  WARN 1 --- [bff] [main] org.hibernate.orm.deprecation            : HHH90000025: PostgreSQLDialect does not need to be specified explicitly using 'hibernate.dialect' (remove the property setting and it will be selected by default)
2026-03-16T19:00:32.241Z  INFO 1 --- [bff] [main] org.hibernate.orm.connections.pooling    : HHH10001005: Database info:
	Database JDBC URL [Connecting through datasource 'HikariDataSource (HikariPool-2)']
	Database driver: undefined/unknown
	Database version: 12.12
	Autocommit mode: undefined/unknown
	Isolation level: undefined/unknown
	Minimum pool size: undefined/unknown
	Maximum pool size: undefined/unknown
2026-03-16T19:00:32.300Z  INFO 1 --- [bff] [main] o.h.e.t.j.p.i.JtaPlatformInitiator       : HHH000489: No JTA platform available (set 'hibernate.transaction.jta.platform' to enable JTA platform integration)
2026-03-16T19:00:32.301Z  INFO 1 --- [bff] [main] j.LocalContainerEntityManagerFactoryBean : Initialized JPA EntityManagerFactory for persistence unit 'radius'
2026-03-16T19:00:32.309Z  INFO 1 --- [bff] [main] o.hibernate.jpa.internal.util.LogHelper  : HHH000204: Processing PersistenceUnitInfo [name: afetados]
2026-03-16T19:00:32.312Z  INFO 1 --- [bff] [main] o.h.c.internal.RegionFactoryInitiator    : HHH000026: Second-level cache disabled
2026-03-16T19:00:32.318Z  INFO 1 --- [bff] [main] o.s.o.j.p.SpringPersistenceUnitInfo      : No LoadTimeWeaver setup: ignoring JPA class transformer
2026-03-16T19:00:32.319Z  INFO 1 --- [bff] [main] com.zaxxer.hikari.HikariDataSource       : HikariPool-3 - Starting...
2026-03-16T19:00:32.375Z  INFO 1 --- [bff] [main] com.zaxxer.hikari.pool.HikariPool        : HikariPool-3 - Added connection org.mariadb.jdbc.Connection@74832504
2026-03-16T19:00:32.376Z  INFO 1 --- [bff] [main] com.zaxxer.hikari.HikariDataSource       : HikariPool-3 - Start completed.
2026-03-16T19:00:32.384Z  WARN 1 --- [bff] [main] org.hibernate.orm.deprecation            : HHH90000025: MariaDBDialect does not need to be specified explicitly using 'hibernate.dialect' (remove the property setting and it will be selected by default)
2026-03-16T19:00:32.388Z  INFO 1 --- [bff] [main] org.hibernate.orm.connections.pooling    : HHH10001005: Database info:
	Database JDBC URL [Connecting through datasource 'HikariDataSource (HikariPool-3)']
	Database driver: undefined/unknown
	Database version: 10.11.10
	Autocommit mode: undefined/unknown
	Isolation level: undefined/unknown
	Minimum pool size: undefined/unknown
	Maximum pool size: undefined/unknown
2026-03-16T19:00:32.434Z  INFO 1 --- [bff] [main] o.h.e.t.j.p.i.JtaPlatformInitiator       : HHH000489: No JTA platform available (set 'hibernate.transaction.jta.platform' to enable JTA platform integration)
2026-03-16T19:00:32.434Z  INFO 1 --- [bff] [main] j.LocalContainerEntityManagerFactoryBean : Initialized JPA EntityManagerFactory for persistence unit 'afetados'
2026-03-16T19:00:32.766Z  INFO 1 --- [bff] [main] o.s.d.j.r.query.QueryEnhancerFactory     : Hibernate is in classpath; If applicable, HQL parser will be used.
2026-03-16T19:00:33.671Z  WARN 1 --- [bff] [main] JpaBaseConfiguration$JpaWebConfiguration : spring.jpa.open-in-view is enabled by default. Therefore, database queries may be performed during view rendering. Explicitly configure spring.jpa.open-in-view to disable this warning
2026-03-16T19:00:33.702Z  INFO 1 --- [bff] [main] r$InitializeUserDetailsManagerConfigurer : Global AuthenticationManager configured with UserDetailsService bean with name inMemoryUserDetailsManager
2026-03-16T19:00:34.289Z  INFO 1 --- [bff] [main] o.s.b.w.embedded.tomcat.TomcatWebServer  : Tomcat started on port 8085 (http) with context path '/'
2026-03-16T19:00:34.300Z  INFO 1 --- [bff] [main] br.com.sebratel.bff.BffApplication       : Started BffApplication in 6.145 seconds (process running for 6.735)
2026-03-16T19:00:55.388Z  INFO 1 --- [bff] [http-nio-8085-exec-1] o.a.c.c.C.[Tomcat].[localhost].[/]       : Initializing Spring DispatcherServlet 'dispatcherServlet'
2026-03-16T19:00:55.389Z  INFO 1 --- [bff] [http-nio-8085-exec-1] o.s.web.servlet.DispatcherServlet        : Initializing Servlet 'dispatcherServlet'
2026-03-16T19:00:55.394Z  INFO 1 --- [bff] [http-nio-8085-exec-1] o.s.web.servlet.DispatcherServlet        : Completed initialization in 5 ms
2026-03-16T19:00:55.443Z  INFO 1 --- [bff] [http-nio-8085-exec-1] b.c.s.b.c.UsuarioAfetadoController       : Iniciando busca de usuários afetados pelo PPPoE: gustavosantos_6
2026-03-16T19:00:55.443Z  INFO 1 --- [bff] [http-nio-8085-exec-1] b.c.s.bff.service.UsuarioAfetadoService  : Buscando usuário afetado pelo PPPoE: gustavosantos_6
2026-03-16T19:00:55.596Z  INFO 1 --- [bff] [http-nio-8085-exec-1] b.c.s.bff.service.UsuarioAfetadoService  : Usuário afetado encontrado: UsuarioAfetado(id=28, pppoe=gustavosantos_6, protocol=1898226, reason=Manutenção preventiva de rede, finishDate=2026-03-17T18:00, created=2024-03-12T16:25, createdBy=israel_barcelos)
2026-03-16T19:00:55.597Z  INFO 1 --- [bff] [http-nio-8085-exec-1] b.c.s.b.c.UsuarioAfetadoController       : Busca por PPPoE gustavosantos_6 concluída. Encontrados 1 usuários.
2026-03-16T19:10:59.386Z  INFO 1 --- [bff] [SpringApplicationShutdownHook] o.s.b.w.e.tomcat.GracefulShutdown        : Commencing graceful shutdown. Waiting for active requests to complete
2026-03-16T19:10:59.442Z  INFO 1 --- [bff] [tomcat-shutdown] o.s.b.w.e.tomcat.GracefulShutdown        : Graceful shutdown complete
